mfcc0,mfcc1,mfcc2,mfcc3,mfcc4,onset,rms,lane0,lane1,lane2,lane3
-78.741913,33.267197,-39.066925,48.905792,-17.287827,1.023512,0.110948,1,0,1,1
-77.263542,120.121231,-25.125925,48.027340,16.757723,0.851867,0.481351,0,0,0,0
-80.391075,103.174133,-39.773323,28.559301,11.736713,0.834539,0.168166,0,0,0,0
-87.920776,109.873375,-27.510153,37.498589,12.227102,0.824708,0.168106,0,0,0,0
-92.485481,115.788940,-34.844707,28.726257,11.955393,1.005994,0.163037,0,0,0,0
-98.324501,115.221436,-42.230900,36.377808,16.026648,0.897041,0.143886,0,0,0,0
-94.914558,129.595047,-36.271469,35.716789,8.077108,0.992527,0.157790,0,1,0,0
-103.439400,125.597000,-33.946098,46.033638,18.734497,0.682855,0.171364,0,0,0,0
-105.306587,138.043808,-43.519276,36.485165,17.869068,0.661285,0.166208,0,0,0,0
-106.544144,142.059753,-42.905518,36.301949,14.890369,0.841700,0.167742,0,0,0,0
-113.451630,141.339218,-45.239628,37.126511,22.967300,0.725655,0.160735,0,0,0,0
-110.849365,136.433411,-49.373268,30.589256,20.645405,1.038082,0.165713,0,0,0,0
-112.136826,137.830566,-51.435940,28.833433,21.052765,1.030354,0.159991,0,0,0,1
-83.970291,124.716431,-47.148079,28.817778,11.426137,0.570078,0.181982,0,0,0,0
-104.295151,145.309235,-47.436035,37.188629,11.756611,0.626226,0.175447,0,0,0,0
-113.561424,151.389359,-49.000740,31.255226,20.796221,0.839425,0.164264,0,0,0,0
-127.770882,152.926392,-51.214642,30.639717,22.076031,0.619855,0.149044,0,1,0,0
-108.548668,149.637695,-49.980080,39.487312,19.938072,0.571399,0.179691,0,0,0,0
-128.588028,157.160645,-53.496346,36.002098,26.313839,0.709512,0.159858,0,0,0,0
-111.584053,140.598724,-40.017555,24.884247,18.646824,0.760211,0.163230,0,0,0,0
-132.517807,150.848602,-42.089138,31.824291,20.795403,0.656396,0.162332,0,0,1,1
-90.564758,116.389099,-23.637936,29.296455,16.181747,0.743767,0.168200,0,0,0,0
-94.932137,125.229126,-38.630501,35.151920,16.354164,0.930341,0.169410,0,0,0,0
-107.390289,121.433594,-38.964439,36.981464,15.631536,0.540849,0.156954,0,0,0,0
-108.090446,123.443314,-35.572044,34.650051,14.373228,0.713762,0.164832,0,0,0,0
-109.251656,134.970154,-30.881996,31.261353,12.521900,0.808783,0.165856,0,0,0,0
-100.958138,119.988251,-21.374176,23.385393,26.454830,0.779515,0.156827,0,1,0,0
-104.248917,130.777115,-43.799240,34.931103,16.869335,0.822034,0.158861,0,0,0,0
-121.288986,133.872559,-39.315159,36.700081,18.089394,1.116104,0.155870,0,0,0,0
-130.161804,138.315186,-43.045052,33.708302,18.147282,0.899729,0.164047,0,0,0,0
-132.379288,150.033096,-36.060394,29.813129,21.836191,0.947721,0.163721,0,0,0,0
-134.717590,140.411804,-35.878925,33.796410,31.257441,1.139624,0.156093,0,0,0,0
-138.182220,143.149597,-38.579159,26.336931,21.876802,0.910012,0.143823,1,0,0,0
-99.815430,119.488297,-31.189682,18.939859,16.732723,1.606216,0.153226,0,0,0,0
-127.468727,150.745850,-39.872208,28.870560,18.800571,1.192405,0.170259,0,0,0,0
-126.303925,139.482178,-29.661346,17.054722,23.534643,0.836155,0.164169,0,0,0,0
-136.979111,159.752396,-34.635540,24.456171,21.814194,0.668997,0.161473,0,0,1,0
-95.996597,118.008934,-13.734890,23.598118,23.487082,2.034169,0.168201,0,0,0,0
-134.664001,148.850281,-35.012321,35.037888,11.797454,0.504944,0.170284,0,0,0,0
-130.420837,144.199310,-28.165672,23.636721,18.093143,1.658673,0.163945,0,0,0,0
-126.154961,152.561523,-36.777725,30.127029,9.397839,0.891954,0.159811,1,1,0,1
-78.328552,142.474060,-15.115860,31.977942,16.147945,0.628841,0.475934,0,0,0,0
-81.270462,120.588554,-23.714417,30.777954,9.952467,0.793708,0.172652,0,0,0,0
-89.253113,112.575104,-21.635674,26.885803,10.012836,0.756493,0.156815,0,0,0,0
-100.526070,117.110565,-19.543451,36.005081,8.467694,1.012308,0.134344,0,0,0,0
-98.582001,125.371765,-24.146128,39.267876,14.524294,0.895296,0.151421,0,0,0,0
-102.686844,135.541016,-22.282766,41.662605,9.095291,0.784416,0.153592,0,1,0,0
-99.159637,132.535980,-29.542738,34.594639,6.116955,0.592045,0.169961,0,0,0,0
-114.383263,142.383392,-33.411964,33.379341,12.774271,0.618620,0.158895,0,0,0,0
-119.095139,146.952545,-37.733303,29.968540,11.821373,0.914703,0.148688,0,0,0,0
-120.220970,155.770737,-31.278751,26.657917,12.895377,0.805059,0.162807,0,0,0,0
-124.698929,144.034027,-33.489544,20.725006,20.975231,0.919148,0.154163,0,0,0,0
-118.984360,153.594696,-31.445307,31.970926,16.081919,0.959697,0.151881,0,0,0,1
-89.658607,117.580208,-6.211568,18.267601,12.550808,1.462742,0.164026,0,0,0,0
-122.581276,148.276581,-27.308815,28.052486,17.490177,0.948801,0.153252,0,0,0,0
-132.219391,154.678284,-22.688553,27.875294,15.876900,0.792458,0.151542,0,0,0,0
-138.032608,163.961212,-35.291309,21.681076,13.567924,0.695331,0.157287,0,1,0,0
-110.537598,148.220062,-30.937395,31.704670,13.907273,0.750318,0.165067,0,0,0,0
-131.608719,158.613586,-33.066227,29.801353,16.387207,0.734649,0.156542,0,0,0,0
-127.250992,131.298065,-18.902653,18.551973,19.630655,1.450127,0.157808,0,0,0,0
-128.985687,155.659454,-30.627872,35.321926,17.701059,0.541646,0.158815,1,0,1,1
-78.138535,135.998978,-16.418524,34.808899,6.471780,0.762053,0.474318,0,0,0,0
-93.636131,111.607788,-16.178957,33.533951,10.755574,0.721304,0.175281,0,0,0,0
-91.295204,117.888695,-17.242672,31.063419,6.090461,0.728195,0.145320,0,0,0,0
-98.833305,117.766373,-20.206333,32.466805,3.032227,0.758504,0.119654,0,0,0,0
-107.397606,124.208847,-23.446384,38.745766,7.694398,0.890754,0.128819,0,0,0,0
-105.995621,129.915619,-23.077576,38.762718,3.910849,0.766040,0.146746,1,1,0,1
-103.842941,137.742599,-34.605370,47.142796,20.682625,0.379956,0.482959,0,0,0,0
-98.909904,125.910522,-28.341396,34.457787,6.983265,0.807963,0.124995,0,0,0,0
-105.169334,126.812119,-22.288446,41.605946,1.441134,0.716173,0.133537,0,0,0,0
-108.326691,130.407684,-20.779278,40.956924,1.311430,0.744457,0.147889,0,0,0,0
-108.798698,119.607224,-30.720875,37.939278,7.861918,0.622412,0.138257,0,0,0,0
-34.334248,68.854080,-12.165409,51.993675,-2.425651,1.065081,0.173071,1,0,0,1
-47.201611,119.469986,-20.711609,61.034279,-1.762934,0.836851,0.476013,0,0,0,0
-75.091660,121.346756,-14.768721,37.408913,6.207959,1.009729,0.186960,0,0,1,0
-56.895180,124.332489,-14.656954,30.801500,-9.367691,0.991923,0.209048,0,0,0,0
-50.990658,80.679337,-20.122410,55.464863,-14.467360,0.990729,0.167820,0,1,0,0
-54.999165,122.496765,-30.371567,45.530785,11.933356,0.991277,0.209689,0,0,0,0
-70.204689,122.678528,-24.662745,39.862564,5.737284,0.893972,0.179433,0,0,0,1
-63.097595,118.327126,-18.768698,27.782995,0.123514,0.936870,0.219749,0,0,0,0
-45.968334,70.037277,14.408989,23.880131,5.315578,1.215169,0.181882,1,0,1,0
-66.509651,136.561325,-28.724237,26.713516,-1.255540,1.580864,0.246707,0,0,0,0
-76.722778,122.925659,-33.828888,31.120596,-0.965150,0.890607,0.167717,0,0,0,0
-86.961357,136.621185,-24.809872,35.375015,7.622382,0.914736,0.188743,0,0,0,0
-130.985855,150.340271,-25.512602,39.728729,11.769056,0.941481,0.149821,1,1,0,0
-78.130241,113.274063,-27.061394,43.167168,4.586414,0.846664,0.185413,0,0,0,0
-109.627510,104.417160,-28.173283,47.509132,3.793255,0.809528,0.115750,0,0,1,1
-58.468761,126.155045,-28.948086,23.625553,8.526966,0.977252,0.247231,0,0,0,0
-65.183990,119.457336,-32.466980,22.790741,-0.765178,1.076270,0.182146,0,0,0,0
-100.416779,123.896217,-13.888744,31.980648,5.933503,0.863835,0.187014,0,0,0,0
-79.647408,54.721184,18.950459,9.424253,13.616453,2.096986,0.127279,1,0,0,0
-64.038040,49.523621,11.574381,17.559689,-2.090443,1.079372,0.112221,0,0,0,0
-102.360931,105.646194,-19.308228,25.485844,12.650002,0.993721,0.105379,0,1,0,1
-65.480850,119.597900,-27.005054,15.539095,-8.350661,1.129274,0.185437,0,0,0,0
-75.340546,123.380768,-26.690273,8.238764,-5.329110,0.992685,0.144685,0,1,0,0
-90.565598,125.829155,-23.146244,5.649670,-0.212193,1.245371,0.178697,0,0,0,0
-95.039436,122.192207,-19.028873,15.008264,3.493669,0.902753,0.138961,0,0,1,1
-86.186943,108.128746,-22.968775,35.165043,-10.820782,0.917367,0.175390,0,0,0,0
-139.309586,141.598999,-17.695410,27.270344,0.538979,0.764492,0.141366,0,1,0,0
-96.460213,116.635727,-21.690609,8.291685,-14.427568,0.828568,0.177335,0,0,0,0
-131.605774,135.170105,-8.983622,4.069727,4.138830,0.734577,0.130934,1,0,1,0
-75.061310,107.908096,-32.063896,0.305972,-20.849348,1.359969,0.160173,0,0,0,0
-95.756538,102.347626,-36.027252,4.895281,-21.247299,0.722066,0.145798,0,0,1,0
-95.013741,115.171585,-19.055370,8.513401,-20.121105,1.736088,0.154975,0,0,0,0
-118.845726,116.161285,-22.791325,7.227116,-16.191622,0.519086,0.166829,1,1,0,0
-65.807411,114.083511,-20.134552,39.575947,-6.736115,0.812025,0.206604,0,0,0,0
-76.619308,113.530685,-29.079388,28.967754,-3.885362,0.557094,0.167105,0,0,0,0
-79.919350,114.992905,-30.524380,40.131332,-1.772678,0.849364,0.189904,0,0,0,0
-70.234131,93.652466,-3.533332,28.858494,-19.831707,0.872018,0.143352,0,0,0,0
-99.943840,53.756226,32.952789,6.280999,-8.637526,0.682195,0.097227,0,0,0,0
-114.954712,54.191883,26.184469,12.064488,-3.039206,0.666740,0.087583,0,1,0,1
-78.817169,135.394241,-28.033278,25.751972,6.471852,0.686090,0.218740,0,0,0,0
-82.190483,128.168716,-36.367821,19.956772,-9.521729,1.125262,0.173828,0,0,0,0
-68.293999,125.326401,-24.155247,30.148628,-9.788877,0.686663,0.213887,0,0,0,0
-82.567230,125.385094,-22.245594,21.486931,-4.278688,0.572111,0.173483,0,0,0,0
-91.128731,135.156708,-27.603737,11.639195,-4.768975,0.591752,0.166886,0,0,0,0
-150.946060,147.953903,-5.519360,33.252037,1.979745,0.595121,0.161398,1,0,0,1
-77.124550,107.423386,-23.047905,45.038776,-7.405205,0.923195,0.161414,0,0,0,0
-88.192017,96.318748,-26.330996,48.383118,2.144146,0.906570,0.138724,0,0,0,0
-86.424179,80.826363,-26.657566,42.800247,7.501234,0.865581,0.183013,0,0,0,0
-104.656830,80.863609,-32.620972,33.855728,7.358555,0.832909,0.151624,0,1,1,0
-74.301125,118.906013,-37.737801,24.523710,-10.965302,1.021268,0.207153,0,0,0,0
-117.245674,131.683014,-17.653595,23.882610,-4.532888,0.727138,0.167548,1,0,0,0
-83.675835,103.439041,-26.311760,22.481789,-13.024240,0.654246,0.177968,0,0,0,0
-149.604309,146.213684,-20.962151,31.880554,-3.784010,0.585874,0.170968,0,0,1,1
-74.670990,126.382156,-12.355207,23.136961,-14.583382,0.585927,0.245643,0,0,0,0
-104.936928,142.338043,-6.155395,29.040421,-17.396793,0.673542,0.193510,0,0,0,0
-113.663612,149.221436,-7.635295,37.400494,-2.487846,0.884507,0.184277,0,0,0,0
-169.970154,159.745010,-12.845827,37.107063,-0.020056,0.419736,0.104509,1,1,0,0
-101.743965,127.754333,-30.300571,34.196075,-2.803530,1.342948,0.188433,0,0,0,0
-131.422165,128.613480,-27.501724,34.306797,4.901297,0.545196,0.141101,0,0,1,1
-85.517181,144.122696,-23.504820,28.149658,15.659231,0.753981,0.239963,0,0,0,0
-75.975548,112.608551,-12.258410,37.101837,2.709978,1.184217,0.184220,0,1,0,0
-84.372711,108.627777,-5.539634,49.472569,10.621489,1.537097,0.186486,0,0,0,0
-100.256836,111.263763,-7.413539,25.580124,9.206814,1.019278,0.148581,1,0,0,0
-100.181015,118.552498,-6.619016,29.881155,14.072691,0.986880,0.152012,0,0,0,0
-87.518913,60.505653,40.026672,5.882024,13.357874,2.229044,0.125829,0,0,1,1
-89.786148,135.266144,-30.491732,27.748877,-5.824669,1.201648,0.194295,0,0,0,0
-114.702866,140.907074,-29.306229,23.471905,-5.723052,0.839482,0.159932,0,1,0,0
-115.696556,130.020355,-21.160065,34.074699,6.151576,0.868010,0.168780,0,0,0,0
-180.601715,122.943130,-1.883608,16.267784,10.366287,0.158078,0.076191,1,0,0,1
-91.606583,133.887756,-34.027641,19.327616,-10.794019,0.436163,0.183490,0,0,0,0
-166.283630,145.478546,-24.792652,20.436241,-6.082886,0.388325,0.070200,0,1,1,0
-100.833389,143.969284,-51.115082,11.011814,-12.013546,1.167361,0.163928,0,0,0,0
-114.130753,146.315887,-37.877380,9.896898,-3.811775,0.600727,0.156051,0,0,0,0
-110.413506,124.030838,-37.723091,13.599363,-13.045468,0.725140,0.137182,0,0,0,0
-174.648956,137.765259,-24.911396,18.384781,-9.660336,0.689500,0.135921,0,0,1,1
-114.189888,125.492889,-29.701782,-2.288798,-25.555771,0.826312,0.171070,0,0,0,0
-120.319878,121.389328,-36.655994,12.236158,-13.454148,1.567558,0.137203,1,1,0,0
-76.632080,142.264862,-32.194374,11.822340,-5.166050,0.742985,0.204464,0,0,0,0
-82.133926,152.491714,-52.210808,6.741562,-3.698352,1.131235,0.184684,0,0,0,0
-109.212463,158.760101,-27.182247,17.043354,2.549994,0.741220,0.189489,0,0,0,0
-116.252014,138.430298,-24.215351,8.741553,1.576455,0.865186,0.154959,0,0,1,1
-85.074234,134.851669,-31.179293,-3.502956,-0.095282,1.001977,0.165861,0,0,0,0
-172.218048,154.135635,-20.000874,18.727760,-5.843828,0.371637,0.087569,1,1,0,0
-84.544632,154.820679,-44.075645,22.888542,7.591897,1.374780,0.234597,0,0,0,0
-104.010101,148.585510,-39.627937,19.904112,9.415898,0.691096,0.179602,0,0,0,0
-90.105164,146.879517,-27.230957,20.475906,-1.055655,0.586480,0.216461,0,0,0,0
-95.813957,143.368286,-36.244781,13.604608,5.189435,0.822317,0.140721,0,1,1,0
-145.273071,148.187439,-9.359604,20.787418,12.122017,1.026014,0.127260,0,0,0,0
-169.923355,159.225128,-20.656422,30.207630,13.602274,1.049024,0.102387,1,0,0,1
-60.979042,127.548996,-33.597382,19.988602,-3.652199,1.177841,0.171091,0,0,0,0
-87.500450,134.947540,-43.615990,16.605608,-3.405514,0.728565,0.155892,0,0,0,0
-39.753178,69.796951,-17.161152,25.723583,-22.539680,1.490724,0.133660,0,0,0,0
-37.808014,56.990364,-18.440884,11.007236,-19.035988,0.947249,0.173096,1,0,1,0
-38.375530,97.168076,-25.435238,25.001186,-8.917587,1.055886,0.198424,0,0,0,0
-109.967987,117.720581,-18.123787,5.516675,-9.336649,0.646554,0.135746,1,0,0,0
-73.751663,64.669724,-26.448196,44.853378,12.735369,0.909662,0.188488,0,0,0,0
-98.694565,92.376244,-17.518045,21.029655,11.743309,1.142462,0.169181,0,1,0,1
-67.000900,103.742653,-30.760311,-6.532868,-11.399372,0.892183,0.174617,0,0,0,0
-88.607071,106.594887,-25.838963,3.385500,-13.049293,0.590999,0.169757,0,0,0,1
-96.874275,108.941216,-9.143193,10.282755,-13.289852,0.698485,0.199880,0,0,0,0
-139.952972,114.179916,-6.805055,13.693813,-9.089403,0.798596,0.172388,1,1,0,0
-78.845444,118.659943,-8.668077,23.079426,-6.574518,1.016026,0.225096,0,0,0,0
-73.897202,127.825783,-12.480868,11.202202,-12.899187,0.935571,0.188816,0,0,0,1
-82.216881,102.890182,-9.632086,54.161251,9.104409,0.673885,0.214700,0,0,0,0
-119.889854,100.048920,-3.943764,33.587330,6.857604,0.965575,0.119716,0,0,1,0
-56.484894,111.088669,-21.011423,16.119877,-12.394021,1.298643,0.191279,0,0,0,0
-77.795998,108.141785,-25.508541,15.937512,-7.727639,0.444634,0.143951,1,1,0,0
-69.297165,127.886520,-27.762484,27.553715,-8.040730,0.710518,0.241970,0,0,0,0
-113.500977,133.220169,-29.324200,19.326099,14.353699,0.772242,0.141210,0,0,0,0
-106.235458,102.327881,-20.464813,36.120331,4.089882,1.097691,0.171484,0,0,0,0
-168.812790,143.245880,-20.883648,31.791172,3.033117,0.396472,0.124106,0,0,0,1
-144.369202,141.151062,-11.493168,33.339348,8.590741,0.478276,0.128386,0,0,0,0
-116.357582,109.839958,15.225180,34.080139,28.789877,1.171060,0.187734,1,0,1,0
-69.970650,116.913895,-33.877274,30.476929,-15.247351,1.091231,0.179502,0,0,0,0
-115.411224,96.628967,-1.311120,22.981689,12.330511,0.632288,0.098725,1,0,0,0
-114.566185,127.908966,-23.209749,11.577482,0.973247,0.830127,0.151126,0,0,0,0
-99.178131,122.029465,1.429648,-0.930225,-9.792263,1.717943,0.169907,0,1,1,0
-104.901535,126.610252,-12.771887,21.157894,-9.021664,0.578361,0.161221,0,0,0,0
-79.927460,46.700119,24.978615,24.531403,-15.040772,2.569946,0.109253,0,0,1,0
-91.395981,47.441971,19.245739,14.665221,-25.866436,0.649848,0.077118,0,0,0,0
-98.352943,63.175438,-4.596731,30.499647,-0.894575,0.824321,0.078315,0,1,0,1
-105.048515,108.961327,-31.600258,29.816263,-3.947202,1.008976,0.200771,0,0,0,0
-141.018967,70.436966,-2.420752,21.902468,-1.214628,0.765426,0.063240,0,1,0,0
-149.082245,136.943939,-26.135075,7.978855,-17.650137,0.627644,0.176674,0,0,0,0
-148.076416,100.201599,-21.448975,26.576500,-1.185955,1.406059,0.124162,1,0,1,0
-88.355751,118.488235,-11.388227,26.973017,10.481816,0.807595,0.220798,0,0,0,0
-105.632881,119.867088,-9.004394,21.552193,3.601434,0.808566,0.169767,0,0,0,0
-104.825554,124.309494,0.290565,27.547173,9.073569,0.798258,0.187626,0,0,0,0
-114.476089,137.574890,0.608183,13.892043,-14.846504,0.994271,0.162037,1,1,0,0
-110.256081,138.808167,2.553573,14.569756,-7.382325,0.816555,0.155919,0,0,0,0
-153.193832,144.139709,-15.571954,30.496788,5.737904,0.881965,0.149768,0,0,1,1
-87.539703,124.865601,-5.610840,33.062416,6.314234,0.955523,0.222564,0,0,0,0
-113.874252,141.106232,-0.324910,24.682980,-0.954760,0.741497,0.183538,0,0,0,0
-99.202095,135.203766,10.445634,23.985714,-11.961202,0.620449,0.231866,0,0,0,0
-103.123962,108.667923,-27.466663,50.190235,4.961637,1.512637,0.183824,0,1,0,0
-120.217674,118.878075,-23.324429,44.489159,0.153794,0.508963,0.134276,0,0,0,0
-127.272980,88.718384,-12.559654,18.954876,12.973857,1.180221,0.077680,1,0,0,1
-62.333160,129.294495,-24.946285,15.320900,-6.118153,0.816925,0.186342,0,0,0,0
-78.628891,138.240555,-37.413982,14.106520,-15.934832,0.693581,0.161109,0,0,0,0
-91.603836,132.852448,-29.673409,14.069320,-9.245142,0.514176,0.155137,0,0,0,0
-63.672073,106.325546,-37.327572,14.844038,-14.017530,1.339516,0.161623,0,0,1,0
-69.872765,117.400223,-39.185673,7.732162,-13.303982,0.700722,0.146237,0,0,0,0
-138.882156,126.548088,-23.908890,13.360952,-0.794903,0.580414,0.077519,0,0,0,0
-85.133339,79.415176,-29.141947,21.468960,-11.947405,0.787317,0.081068,0,0,0,0
-146.409027,130.276443,-36.921875,9.240479,-3.536653,0.910320,0.077169,0,1,0,1
-60.165661,107.078659,-45.027855,7.334500,-11.304468,1.357844,0.170065,0,0,0,0
-127.798286,134.539368,-13.597316,13.591867,-2.686850,0.707237,0.127575,0,0,0,1
-73.021568,108.199356,-33.213516,7.954848,-17.699646,1.396877,0.163212,0,0,0,0
-64.800713,122.258514,-38.084900,-3.960043,-14.523199,1.249489,0.157982,1,0,1,0
-58.884403,112.514755,-14.103045,42.174812,2.425901,0.766325,0.227946,0,0,0,0
-72.477104,112.918732,-10.823006,23.636183,0.674395,0.777782,0.183377,1,0,0,0
-73.702576,111.071762,-3.237831,38.894951,2.293676,1.417104,0.195613,0,0,0,0
-107.597588,123.281891,-10.218436,21.200066,-0.221922,0.890436,0.160200,0,1,0,1
-90.389992,114.749290,-0.159709,16.348063,-8.658573,1.047857,0.166467,0,0,0,0
-163.246246,150.342957,-10.174603,18.245607,-1.006865,0.315896,0.112732,1,0,1,0
-49.912605,119.039040,-16.423565,26.194778,-7.689343,0.616250,0.216007,0,0,0,0
-69.316071,67.194778,31.042349,19.752954,-2.613739,0.620566,0.149616,0,0,1,0
-84.346695,141.421005,-20.578707,20.337282,2.831202,0.991557,0.216062,0,0,0,0
-114.174782,158.684509,-10.287063,5.341898,1.482531,0.689527,0.146452,0,1,0,0
-76.696182,138.367310,-22.862577,16.152399,-0.418608,1.091844,0.202396,0,0,0,0
-81.741432,141.369904,-26.186705,17.430916,5.722342,0.781883,0.180426,1,0,0,1
-48.186371,127.223114,-33.605560,20.873127,-4.274335,0.904808,0.195209,0,0,0,0
-76.618546,124.162354,-31.465746,16.195065,-2.412118,0.741670,0.180557,0,0,0,0
-144.607437,156.278839,-32.597576,15.362262,-3.159688,0.423363,0.092754,0,0,0,0
-144.175339,141.475769,-26.346352,14.226371,3.561585,0.559229,0.079642,0,1,1,0
-58.303787,117.901062,-31.200089,15.553185,-3.798070,0.698827,0.178669,0,0,0,0
-137.725449,155.794647,-34.619583,22.986233,-6.580290,0.750853,0.098527,1,0,0,0
-65.096207,127.082352,-42.430874,6.241228,-13.194918,1.030952,0.178205,0,0,0,0
-58.605759,129.925964,-46.493065,6.579918,-19.819008,1.292186,0.175493,0,0,0,0
-72.749496,119.968582,-41.967533,14.628008,-19.367966,0.704613,0.129617,0,0,0,0
-104.324631,100.190002,-34.443184,-1.618532,-14.935287,0.841681,0.091200,0,1,0,0
-73.779076,116.643448,-43.099083,5.905991,-13.310358,0.557451,0.153181,0,0,0,0
-105.958725,133.450409,-50.652996,11.477553,-8.262070,1.019716,0.148302,1,0,1,1
-34.266815,125.625267,-24.393747,33.134251,-10.809919,0.709594,0.254285,0,0,0,0
-41.398029,121.424484,-31.487907,27.530426,-9.914034,1.042701,0.200232,1,1,0,0
-69.255943,129.078827,-16.499092,28.502298,-1.338082,1.099080,0.267487,0,0,0,0
-60.736431,108.428337,-29.310802,15.415943,-6.314956,1.046271,0.186255,0,1,1,0
-74.344658,117.702103,-18.022606,18.498188,2.774705,0.664082,0.238583,0,0,0,0
-84.582001,110.674622,-30.902893,8.031870,-1.860316,0.862204,0.150369,1,0,1,1
-95.965424,94.544563,-15.341448,47.205486,-9.485590,0.365629,0.141201,0,0,0,0
-154.154373,95.392952,-30.517206,47.707813,-3.074159,0.883742,0.097067,1,1,0,0
-123.354950,101.689720,-16.719803,55.372513,6.006258,0.764441,0.244377,0,0,0,0
-210.336792,102.495399,8.904739,42.213593,10.905411,0.543209,0.128407,0,1,1,0
-81.986305,46.001480,8.761052,80.080292,-12.207510,3.657684,0.206399,0,0,0,0
-82.403572,24.678638,-9.152458,76.270508,-3.436659,1.013064,0.138794,1,0,1,1
-46.520958,110.546410,-19.658154,53.458420,5.204288,0.949006,0.440942,0,0,0,0
-64.170967,113.146866,-22.447113,31.915321,9.230331,0.714379,0.200033,0,1,0,0
-32.368355,130.373856,-19.863960,13.557365,-6.685946,1.159881,0.224601,0,0,0,0
-71.585434,126.465286,-9.913187,34.680573,-0.530657,0.270467,0.185091,0,0,1,0
-39.559547,128.789093,-21.291889,42.874481,-3.312429,1.496898,0.250934,0,0,0,0
-92.688194,132.902451,-12.748632,41.395164,5.402120,1.016356,0.189495,0,1,0,1
-44.678951,132.659210,-16.874187,33.570396,0.929479,0.901965,0.466611,0,0,0,0
-64.243134,114.337463,-16.610188,33.969971,2.508921,0.807030,0.193265,1,0,0,0
-41.360508,124.872223,-12.981129,21.444324,-14.883245,1.220094,0.229440,0,0,0,0
-59.813805,124.372833,-6.572054,25.974926,-17.099773,0.841055,0.236003,0,0,1,0
-62.612522,132.598770,-15.827539,24.052626,-9.619039,0.976206,0.229826,0,0,0,0
-47.712528,125.938866,-20.286156,22.069839,-8.480246,1.304409,0.224126,1,1,0,0
-49.430237,127.580780,-9.197906,37.218224,10.821459,1.013146,0.440741,0,0,0,0
-54.142918,93.620613,-5.891912,40.773964,0.839813,1.232457,0.168898,0,0,0,0
-36.934025,100.957191,-3.626325,28.818905,-5.527788,1.073166,0.190587,0,0,0,0
-56.984554,86.108681,-7.310410,50.248009,13.211641,0.644109,0.200623,0,0,1,1
-72.518211,98.959808,-16.142181,54.285011,15.259359,1.011564,0.211858,0,0,0,0
-85.101013,104.089462,-7.757570,50.320545,13.429676,0.907309,0.185644,0,0,0,1
-82.070457,123.020592,-7.037108,39.919327,20.517557,1.339007,0.395601,0,0,0,0
-79.493759,115.162857,-13.205313,41.705708,10.779109,1.010603,0.184851,1,0,1,0
-70.511253,90.320480,-12.840927,43.754288,16.659496,1.377962,0.158265,0,0,0,0
-85.441528,88.968147,-11.194845,49.126938,20.728271,0.650339,0.171056,0,0,0,0
-73.725174,99.367706,1.695332,43.512390,19.609001,0.932730,0.188897,0,0,0,0
-78.456841,98.049400,-8.075358,54.906868,19.163273,1.210755,0.193805,0,1,1,1
-33.926224,109.092300,-13.318784,39.490639,-1.128060,1.022135,0.227154,0,0,0,0
-43.916527,99.335510,-18.371790,35.077633,6.278043,1.697228,0.180297,0,0,0,0
-90.418495,132.523987,-21.412109,38.676594,7.073602,0.622317,0.167775,0,0,0,0
-123.969933,146.991028,-19.600494,33.423115,19.367352,0.893778,0.187626,1,0,0,1
-62.410011,118.328575,-30.164057,29.851189,6.735011,0.699566,0.203019,0,0,0,0
-63.622528,132.445251,-26.717415,31.105852,9.771683,0.916091,0.190866,0,1,0,0
-82.019249,134.894409,-20.593536,34.939240,12.764306,0.564123,0.206492,0,0,0,0
-105.900414,159.806732,-22.751858,19.618877,14.444330,0.765924,0.205952,1,0,1,0
-36.872719,97.008476,-9.730143,11.053679,4.788957,1.084597,0.210779,0,0,0,0
-45.422726,115.718903,-16.284636,8.298855,-0.837083,0.662473,0.206136,0,0,0,1
-59.871063,119.547562,-16.749136,9.068610,2.243373,0.610389,0.183357,0,0,0,0
-72.911896,127.082794,-22.719086,13.873721,5.606493,1.180606,0.193803,0,1,1,0
-63.148212,132.498322,-32.418541,56.311890,3.284540,0.910629,0.434787,0,0,0,0
-78.184113,142.044556,-36.164207,39.250706,11.093224,0.891812,0.187944,0,0,0,0
-76.656845,139.941589,-28.002674,34.378021,6.495292,1.014141,0.209179,0,0,0,0
-78.008469,136.556427,-27.598633,26.153013,7.273834,0.972111,0.163062,1,1,0,0
-64.712296,134.059647,-38.518105,20.454716,5.880955,0.643076,0.191372,0,0,0,0
-32.729889,61.932655,-7.762633,46.177330,-19.411549,2.614346,0.157380,1,0,0,0
-68.647545,134.098755,-21.329977,47.533669,17.788279,0.723655,0.447794,0,0,0,0
-118.908890,166.020706,-32.387112,32.074146,3.322388,0.558169,0.151194,0,0,0,1
-46.059208,138.206741,-42.891029,21.014553,2.575101,1.618021,0.202323,0,0,1,0
-47.559586,129.769745,-34.060162,26.618900,4.105107,1.275626,0.196799,0,1,0,0
-44.356548,119.777054,-25.624418,17.093971,-8.283484,0.923962,0.197247,1,0,0,0
-52.877659,139.504547,-39.463665,22.272690,-6.456565,1.085061,0.193142,0,0,1,1
-27.869473,122.640503,-17.466021,31.186235,-1.986448,0.995548,0.259340,0,0,0,0
-70.101311,127.975883,-13.224848,40.189060,3.722159,0.563860,0.173800,1,0,0,1
-19.455816,88.418320,-2.291148,30.462324,4.651505,1.000298,0.174722,0,0,0,0
-51.961926,99.935410,2.322844,24.760357,7.709971,0.956470,0.153713,0,1,0,0
-46.215031,126.397430,-1.101492,30.960917,-12.609991,0.910935,0.211128,0,0,0,0
-58.499027,97.885323,-14.737171,47.274384,-17.237524,0.660796,0.155112,0,1,0,0
-63.071320,131.295746,-20.356888,45.912270,12.528538,0.606335,0.311684,0,0,0,0
-112.638260,140.076721,3.897082,21.981369,3.875402,1.005696,0.156657,0,0,1,1
-69.485451,138.823547,-7.770046,35.571136,-5.338417,1.330941,0.260532,0,0,0,0
-99.649078,143.155884,-5.599204,32.100208,9.250221,0.848316,0.217989,0,0,1,0
-127.518967,144.055023,-4.216841,50.352116,18.754646,0.622411,0.233562,0,0,0,0
-139.007080,167.341232,-5.697620,37.754967,12.127272,0.973030,0.193494,1,1,0,1
-52.259651,129.806610,-19.118984,28.936750,-1.564767,0.772178,0.429280,0,0,0,0
-47.847702,127.446663,-15.112991,34.392590,-1.227386,0.606017,0.210359,1,0,0,0
-64.241257,132.874161,-12.975103,32.642639,-6.561446,0.638778,0.196779,0,0,0,0
-87.446327,129.166901,-7.045111,34.509754,-2.921853,0.787437,0.194186,0,1,0,1
-57.553608,138.002533,-20.599379,21.838589,-1.830773,1.061057,0.232620,0,0,0,0
-66.232056,146.150925,-15.839981,18.994137,-0.502605,0.777473,0.213960,0,0,0,1
-69.090805,140.147095,0.956536,35.667995,-2.112092,1.074887,0.405473,0,0,0,0
-106.398575,133.045685,-2.624257,27.495129,5.258106,0.508106,0.150701,1,0,1,0
-50.104511,129.335968,-13.637819,25.133530,2.314282,0.625476,0.249197,0,0,0,0
-75.736244,145.801346,-19.260708,12.557394,0.418390,0.845766,0.224557,1,0,0,0
-84.114243,154.378387,-1.730433,21.452576,-6.213930,0.837285,0.223148,0,0,0,0
-62.866730,127.217224,-15.395537,24.798336,5.179477,0.774101,0.195127,0,1,1,1
-20.826006,118.282608,-27.279085,24.132946,-10.576876,1.171252,0.273310,0,0,0,0
-54.884583,130.052185,-23.984825,21.540047,-8.631044,0.441588,0.222076,1,0,0,0
-88.215004,152.417206,-17.905867,29.121773,4.919145,0.747297,0.174836,0,0,0,0
-76.076653,114.595062,-0.539258,35.706284,10.244564,0.652194,0.188926,0,1,1,0
-67.909744,139.063477,-26.928127,15.514928,-4.626701,0.419263,0.181206,0,0,0,0
-62.775002,151.605347,-25.756172,4.535933,-11.281805,0.963366,0.207782,0,0,0,1
-68.939163,133.133484,-27.546684,7.291031,-7.907043,0.540498,0.223136,0,0,0,0
-87.031281,151.677002,-24.275333,11.063297,1.887357,0.760822,0.199359,1,0,0,0
-82.647438,145.134628,-12.950761,28.956223,4.125101,0.434216,0.201590,0,0,0,0
-48.855362,80.960754,24.711220,13.826046,1.369609,0.754877,0.160005,0,0,1,0
-87.091499,157.382599,-16.856169,25.278973,8.805076,0.639251,0.217923,0,0,0,1
-97.759583,155.723572,-13.299585,22.319704,9.185204,1.185909,0.208358,1,1,0,0
-61.941868,125.664291,-17.372639,47.955231,10.869528,0.756123,0.456675,0,0,0,0
-79.774055,126.262657,-23.457436,42.986000,5.017459,1.082210,0.189639,0,0,0,1
-72.354004,126.690338,-20.269131,37.989075,10.528820,0.931178,0.182799,0,0,0,0
-94.927185,133.971527,-30.683685,35.885136,11.270309,0.656902,0.149550,0,0,1,0
-84.444542,137.505035,-15.977736,43.941643,8.084906,0.710052,0.207461,0,0,0,0
-92.438568,137.900604,-17.097530,38.110901,17.237537,1.138606,0.196919,0,1,0,0
-115.669830,157.006744,-8.095269,48.040447,26.344851,0.774076,0.464771,0,0,0,0
-139.679337,157.817307,-20.309635,29.519707,4.287688,0.540802,0.149691,0,0,0,1
-46.845894,80.052994,-5.331031,27.476366,2.580795,0.831073,0.142864,0,0,0,0
-60.679085,99.285484,-2.942443,37.965950,6.642528,0.864792,0.156601,0,0,0,0
-65.699028,86.530762,23.455446,50.253677,-7.307969,0.570209,0.153078,0,0,0,0
-68.350281,56.006638,27.257515,42.902565,-1.809481,0.700318,0.140187,0,1,1,1
-38.408707,124.558533,2.914692,39.838932,-3.728493,1.061381,0.257530,0,0,0,0
-76.826523,137.343765,-7.009434,43.230545,-4.496962,0.649504,0.223069,0,1,0,0
-44.339764,118.279015,-4.023872,24.099829,6.112480,0.835473,0.308657,0,0,0,0
-57.279705,138.924683,-5.213885,25.737701,-4.707690,0.940092,0.244928,1,0,1,0
-65.467461,154.200546,-2.001414,9.237155,4.220057,0.888434,0.240354,0,0,0,0
-89.769806,147.457428,8.767896,16.988426,5.021853,0.742416,0.222896,0,0,1,0
-56.672398,139.582733,-7.435466,29.087288,2.674212,0.923923,0.282868,0,0,0,0
-135.226059,171.870453,4.985002,28.017567,18.946869,0.350067,0.261006,1,0,0,1
-66.516899,138.085373,0.371136,25.467430,8.168962,1.196458,0.288229,0,0,0,0
-59.924450,79.112411,44.438526,24.862299,-0.819602,2.465338,0.201675,0,1,0,0
-83.401245,156.426514,-10.377573,43.222733,2.181221,0.909649,0.253479,0,0,1,0
-59.090813,131.198761,-11.108997,31.988811,-1.087308,0.861352,0.234652,1,1,0,1
-75.364037,136.611450,-2.277654,29.273905,8.361015,0.481997,0.384791,0,0,0,0
-70.837852,111.047714,-7.487757,28.773653,2.853891,0.868369,0.182570,0,0,0,0
-75.866112,123.447739,-13.770941,36.171932,3.723612,0.657424,0.167832,0,0,0,0
-86.283295,82.379807,5.075378,36.777008,-9.319475,0.654307,0.130475,1,0,0,0
-57.822514,112.357422,-8.227987,32.493622,5.578909,0.700507,0.179417,0,0,0,0
-72.229347,118.299240,-10.584415,41.646706,5.893227,0.761437,0.197061,0,0,1,1
-91.706100,113.871445,-6.975257,60.041565,17.169765,0.844725,0.414115,0,0,0,0
-130.017059,136.002670,-9.012367,36.153019,5.230948,0.716082,0.115753,1,1,0,0
-55.419209,131.173737,-17.988930,25.952873,-3.345428,0.981008,0.183562,0,0,0,0
-70.214462,131.903442,-21.174364,22.370995,-9.394514,0.965870,0.187145,0,0,0,0
-57.607235,126.691559,-29.864494,24.152199,-12.053394,1.184129,0.199620,0,0,0,0
-57.622452,132.211838,-18.468798,33.655651,-4.946002,1.079060,0.196686,1,0,1,1
-46.833847,102.631783,-10.726920,42.892281,4.464440,0.734535,0.253344,0,0,0,0
-32.802582,92.089943,-16.179392,39.617592,1.784529,1.801408,0.211238,0,0,0,0
-92.243988,123.612122,-14.207400,37.978310,2.049694,0.658108,0.172725,0,0,0,0
-54.843430,111.843643,-14.817240,13.393457,-5.983816,2.042016,0.176102,0,0,1,1
-79.725731,145.544525,-6.836230,26.889347,0.457569,0.800511,0.215626,0,0,0,0
-99.683800,154.494797,-5.573421,27.115997,6.096524,1.040441,0.208148,0,0,0,1
-78.847519,132.465790,2.778285,32.332962,-0.045276,0.440068,0.223160,0,0,0,0
-103.235733,158.578400,-14.242329,12.620312,2.177699,0.740491,0.178780,1,0,0,0
-81.860840,145.856201,-8.793553,19.661991,-3.095997,0.783617,0.197065,0,1,0,0
-96.018150,142.949005,-4.425043,13.938452,6.117361,0.486071,0.162343,0,0,1,0
-90.159996,145.600967,5.269582,11.959463,-0.058831,0.454333,0.208400,0,0,0,1
-88.305328,159.591705,-0.166587,10.176463,8.992937,0.947259,0.229971,1,1,0,0
-66.357346,141.789902,-8.825326,25.305302,4.932630,0.823279,0.462831,0,0,0,0
-98.934334,146.825333,-11.686171,9.998966,9.163383,0.644593,0.187100,0,0,0,0
-105.541557,164.811615,-9.265040,17.887667,15.470636,1.097580,0.181928,0,0,0,0
-130.902939,185.616180,-26.905628,24.098991,22.431431,0.787103,0.213778,0,0,1,1
-78.307953,148.333664,-10.345828,12.538843,5.726883,0.646190,0.210997,0,0,0,0
-98.373543,154.781281,-3.762661,6.364734,8.088806,0.838130,0.185981,1,0,1,0
-105.645500,163.898621,7.610552,19.647457,25.252434,0.709153,0.436981,0,0,0,0
-114.814003,144.392853,4.834672,18.238594,16.467159,1.164824,0.180082,1,1,0,0
-40.416428,100.097290,-0.411475,5.058482,9.044138,0.623113,0.179460,0,0,0,0
-46.086285,109.485901,-1.496267,11.678846,5.931021,1.118224,0.193110,0,0,0,0
-59.093857,103.639877,0.164372,18.459358,9.819289,0.765101,0.179119,0,0,0,0
-69.518204,129.764725,-9.403804,-8.522628,14.268228,0.929686,0.172933,0,1,1,1
-30.552631,115.322159,-7.796695,22.244293,-8.878535,1.113201,0.269943,0,0,0,0
-68.367363,118.441238,-24.601357,18.885475,-5.194192,0.987451,0.209907,0,0,0,1
-60.810455,127.711815,-22.177021,11.730753,-4.776904,1.158872,0.196936,0,0,0,0
-73.580566,140.582458,-19.309137,19.959721,-11.082678,1.031860,0.209892,1,1,0,0
-43.760826,97.176964,2.800623,13.393335,5.415377,1.470195,0.156927,0,0,0,0
-20.427877,76.471985,-4.764269,22.386269,-1.900460,1.784193,0.166523,0,0,1,0
-56.828335,109.920273,-9.118402,18.016632,1.093287,0.700986,0.160429,0,0,0,0
-43.471741,80.560173,17.359381,15.886038,-14.912168,1.269308,0.163688,1,1,0,0
-57.969059,134.165741,-13.141839,23.638817,7.600180,1.206671,0.244780,0,0,0,0
-53.575432,132.718185,-20.367023,15.786087,8.025603,0.792062,0.187995,0,1,1,0
-122.544464,149.607437,-11.223866,28.256975,21.777336,0.448811,0.185649,0,0,0,0
-136.780594,159.992554,-5.473717,21.971512,16.089218,0.677528,0.164484,1,0,1,1
-40.487175,141.977631,-19.111492,31.379269,-2.452022,0.899163,0.428329,0,0,0,0
-36.608753,121.603470,-17.117680,21.382492,5.466410,1.078705,0.231457,0,0,0,1
-44.244457,116.643600,-8.983625,46.679977,10.293102,1.117182,0.212875,0,0,0,0
-68.304459,124.460342,-7.328321,33.146656,7.214983,0.577837,0.214039,0,1,1,0
-73.283218,132.417053,-9.339596,44.774712,8.545885,0.865838,0.467794,0,0,0,0
-43.901936,124.937820,-21.235403,32.047401,4.747636,1.529140,0.213211,1,1,0,0
-42.859715,132.372849,-22.637352,24.016809,1.651015,1.112040,0.255723,0,0,0,0
-53.637840,129.431961,-24.835350,23.247570,-1.235377,0.871915,0.226367,1,0,0,1
-57.073906,138.065674,-23.890755,23.958614,5.129668,0.831899,0.447035,0,0,0,0
-57.797401,122.710846,-14.584929,30.048113,0.644055,0.653269,0.201782,0,0,0,1
-36.367374,64.076447,-8.612940,51.641171,-14.366657,0.979056,0.176186,0,0,0,0
-96.098999,109.866409,0.272351,36.659184,0.845873,0.520223,0.155978,0,1,1,0
-61.835407,152.296539,-25.442661,31.174816,5.131552,0.903818,0.454010,0,0,0,0
-58.270275,152.178177,-21.847980,8.709653,2.080758,1.506192,0.242548,0,1,0,0
-72.056152,132.924057,-23.212439,14.583857,9.379389,0.833057,0.239919,0,0,0,0
-127.738815,168.455399,-24.555908,29.892258,17.596027,0.400626,0.152648,0,1,0,1
-76.910362,151.538498,-18.125116,35.956718,14.448349,1.124931,0.436782,0,0,0,0
-78.437721,141.040329,-30.333971,33.530258,1.530052,0.682701,0.211871,1,0,0,1
-62.241390,150.140900,-16.265953,32.588470,5.750926,2.335686,0.294927,0,0,0,0
-65.696106,143.443100,-20.894409,7.419534,13.082561,0.649672,0.233545,1,0,1,0
-78.974991,151.015305,-14.219395,18.940651,16.006136,0.727382,0.418064,0,0,0,0
-77.747826,145.125275,-23.910824,26.152143,17.627480,1.169154,0.211168,0,1,0,1
-86.816864,122.381119,-30.880287,50.004261,-1.535621,0.637072,0.177696,0,0,0,0
-141.818787,182.600647,-27.507376,22.666283,18.468889,0.519446,0.134718,1,0,1,1
-58.907780,146.712433,-17.583529,32.474323,1.490802,1.221513,0.414967,0,0,0,0
-66.971138,127.889282,-6.385297,34.059280,-6.286454,0.790114,0.176792,1,0,0,0
-63.703926,124.207977,-10.674864,29.430328,-12.594623,0.846606,0.206026,0,0,0,0
-44.288071,121.809875,-8.514408,29.091736,-17.838440,0.900036,0.204578,0,1,0,1
-103.273460,137.128723,-4.029365,41.532295,4.735850,0.754019,0.412936,0,0,0,0
-55.428600,97.210571,-18.304104,34.142620,-2.049860,1.660501,0.167643,0,0,1,1
-61.854115,107.830170,-16.551086,43.412971,13.912786,0.585533,0.252528,0,0,0,0
-118.354866,142.262207,-16.296661,39.797077,12.561072,0.609711,0.217566,1,1,0,0
-89.307152,140.256012,-5.787338,38.613945,-0.423721,0.822413,0.455557,0,0,0,0
-93.485199,139.026611,-9.394443,37.260468,-9.339661,1.024100,0.214064,1,0,0,0
-108.591805,148.281891,-10.023958,36.007866,12.280395,0.771524,0.178540,0,0,0,0
-115.519127,146.378723,-9.774117,35.800941,11.960276,0.877482,0.186350,0,1,0,1
-74.856720,150.084686,-18.196861,40.651970,-2.394679,0.544476,0.421244,0,0,0,0
-80.499870,140.612061,-5.817203,38.241272,10.382248,1.486655,0.236527,0,0,0,1
-93.645088,143.258026,-24.031384,27.780548,8.987364,0.659769,0.214240,0,0,0,0
-95.387688,160.945221,-15.143862,18.182528,9.787071,0.869168,0.177118,0,1,1,0
-76.858955,138.275330,-10.025462,13.984858,13.537703,0.830721,0.460909,0,0,0,0
-75.459869,141.276428,-2.681548,6.118832,-3.939968,0.812263,0.218268,1,0,1,0
-78.219498,153.581955,-6.444191,15.999670,11.629871,0.588680,0.309460,0,0,0,0
-82.759560,136.943649,-4.078828,27.965424,6.409564,0.887056,0.238653,0,1,0,1
-91.535713,133.076660,-10.377863,46.052879,6.786957,0.795216,0.464224,0,0,0,0
-85.597145,134.843079,-17.553577,35.770409,-3.759869,0.626288,0.191865,0,1,0,0
-101.728752,147.949356,-7.773536,30.733883,7.293334,0.822022,0.192414,0,0,0,0
-81.536339,110.862320,6.809769,26.293121,10.385701,0.574493,0.143923,1,0,1,1
-63.046741,136.616943,-11.393209,38.616592,-1.228326,0.685741,0.405033,0,0,0,0
-49.979359,131.835571,-13.002591,22.691303,-15.684175,1.548294,0.213883,1,0,0,0
-60.246918,120.522110,-17.214325,21.895424,-3.522224,0.813539,0.201929,0,0,0,0
-59.571182,121.180923,-10.577680,32.469215,3.223978,1.114254,0.179199,1,0,1,0
-55.724171,122.086746,-10.900370,31.085644,8.499875,1.693706,0.404507,0,0,0,0
-55.443554,75.623917,18.834171,27.129892,-2.409326,0.845450,0.171728,0,1,0,1
-72.427925,151.135742,-15.444721,29.766773,9.547115,0.616123,0.297285,0,0,0,0
-79.826027,144.453079,-16.024912,30.109516,6.801749,0.721956,0.244935,0,1,1,0
-74.532616,144.995377,-10.380906,32.377296,9.549255,0.868824,0.422383,0,0,0,0
-79.408348,141.217712,-8.995651,35.479900,3.196650,0.784638,0.214524,0,0,1,0
-79.263077,150.557281,-9.298114,31.711269,-1.539996,0.700860,0.195087,0,0,0,0
-91.431290,141.596527,-21.535652,26.859566,2.003190,0.884615,0.162011,1,0,1,0
-78.845650,153.067139,-15.609984,42.627098,11.797953,1.118865,0.447559,0,0,0,0
-95.839134,138.902649,-11.394432,51.459328,17.842623,0.792523,0.246927,1,0,0,0
-62.491791,68.112503,21.681896,29.426178,4.573090,2.187088,0.165390,0,0,0,0
-69.732727,64.775841,20.089226,26.805931,-9.460767,1.111698,0.141184,0,1,1,1
-57.827217,131.955383,-0.440022,51.446167,-6.524581,0.645424,0.421755,0,0,0,0
-44.218056,123.110764,-7.783243,25.859344,-10.509806,0.981863,0.211202,0,0,0,1
-55.066231,116.185944,-3.893740,25.815617,-6.636909,0.722087,0.185459,0,0,0,0
-56.116238,124.226799,-2.553174,25.292019,-11.273741,0.904789,0.208386,1,0,0,1
-72.650620,145.486038,-4.659323,31.779835,-1.243082,0.649187,0.462343,0,0,0,0
-47.908619,73.927124,14.075896,31.250053,-5.539773,2.118597,0.166639,0,1,1,0
-63.168697,140.832947,-9.290168,26.221203,1.343752,2.073529,0.214674,0,0,0,0
-102.567986,136.109222,-17.273808,34.411583,1.818329,0.899156,0.152433,1,0,1,1
-45.873692,133.271378,-11.553904,48.060104,5.293922,1.357865,0.401857,0,0,0,0
-49.052620,119.404724,-8.368073,40.115067,0.513442,1.141904,0.198495,1,0,0,0
-55.599415,121.601395,1.783253,36.452255,-6.253331,0.937429,0.199850,0,0,0,0
-44.460243,121.002426,-6.394931,32.807678,-8.065715,1.083244,0.212003,1,0,0,0
-81.431679,135.897186,-7.595869,44.540169,11.414434,0.743503,0.444440,0,0,0,0
-84.787834,127.665802,-9.058275,38.392479,-1.850682,0.899632,0.165002,0,1,1,1
-46.979675,122.721672,-4.477241,45.879185,-6.440804,0.744324,0.253197,0,0,0,0
-66.831322,123.409576,-16.739986,45.971741,3.843052,0.700766,0.183596,0,0,1,1
-74.758148,125.452026,2.024812,32.925484,5.666859,0.792200,0.413933,0,0,0,0
-40.325394,74.270538,-5.247263,52.517220,-23.357176,1.199074,0.159714,0,0,0,1
-43.927475,84.788040,-0.033665,47.083981,-3.171530,0.627631,0.177275,0,0,0,0
-95.489990,152.823547,-17.276505,34.620121,18.545799,0.881188,0.204235,1,1,1,0
-38.500923,128.514099,-11.503611,25.134193,3.422310,1.106564,0.397767,0,0,0,0
-43.461914,126.077988,-4.708583,9.674025,-5.388903,1.419131,0.220740,0,1,0,0
-53.858368,131.061249,-5.825248,16.078247,0.868094,0.755911,0.207358,0,0,0,0
-55.007027,136.582977,-15.025244,15.924613,-7.942364,0.795409,0.204546,0,1,1,0
-103.992157,136.884247,-4.408432,19.470173,17.961573,0.643816,0.441313,0,0,0,0
-105.283585,131.064392,-22.032639,2.272342,13.907421,0.585112,0.126141,1,0,1,1
-60.356693,133.735504,-19.080740,42.489838,3.075206,0.331598,0.230641,0,0,0,0
-54.508183,129.542389,-12.346203,16.861065,8.043241,0.781325,0.242279,1,1,0,0
-60.503761,126.333328,-0.248264,24.046856,11.652811,0.649890,0.402052,0,0,0,0
-65.658875,136.098633,-14.446899,22.207390,10.946360,0.724670,0.156305,0,1,0,0
-78.946655,136.218292,-2.654955,22.852188,4.393977,0.918142,0.210101,0,0,0,0
-85.308212,132.742157,-9.355675,23.194386,8.916868,1.095217,0.164828,1,0,1,1
-71.303940,134.546127,-22.111235,29.493038,-7.108751,0.784714,0.411295,0,0,0,0
-60.714565,123.103439,-25.771763,34.340034,6.743630,0.940774,0.192982,0,0,0,0
-63.959412,125.507683,-13.611876,32.391899,-0.547469,0.885827,0.212770,0,0,0,0
-82.566528,116.904770,-13.399600,25.887295,-1.898088,0.674033,0.183740,1,0,1,1
-45.775475,133.790588,-16.133114,33.565041,-5.997668,0.747933,0.259460,0,0,0,0
-75.541489,131.292694,-10.201794,37.289246,-4.397256,0.451059,0.188462,0,1,1,1
-74.967087,146.019791,-8.535099,34.819534,-5.510013,0.527583,0.416617,0,0,0,0
-71.093231,123.789093,-16.531874,34.752079,3.392188,0.878041,0.212206,0,0,0,0
-69.209312,124.542114,-6.556371,37.491882,2.499053,0.563216,0.206929,0,0,0,0
-72.359383,122.200592,1.562893,34.994411,0.901907,0.584988,0.213984,1,0,1,1
-44.774303,127.808968,-21.269104,37.748844,-5.825750,0.726813,0.207499,0,0,0,0
-66.159821,133.969635,-0.820352,36.456001,-5.918144,0.782240,0.197854,1,1,1,0
-69.345840,127.237442,-6.905824,41.117027,0.631031,0.580283,0.429093,0,0,0,0
-64.286415,119.186844,-5.074869,38.923859,4.561819,0.844541,0.179732,0,1,0,1
-74.227783,146.294891,3.504786,36.971828,-1.610954,0.878180,0.454192,0,0,0,0
-74.333107,127.975266,-5.580636,32.427246,4.122796,0.638173,0.183623,0,0,1,1
-62.472618,122.937836,-17.567852,37.513432,-4.230523,0.638651,0.226584,1,1,0,0
-64.244591,131.668320,-21.980659,37.259380,0.611151,0.914025,0.222684,0,0,1,1
-65.541794,126.784569,-20.932955,35.243744,1.163498,0.766495,0.182655,0,1,0,0
-101.518784,125.233841,-19.261559,46.432457,5.031850,0.597646,0.159408,1,0,1,1
-95.587097,156.187057,-27.016010,37.236855,10.011890,0.524389,0.407921,0,0,0,0
-92.198311,129.463409,-31.294426,38.096489,3.017447,0.881435,0.141986,0,0,0,0
-96.977455,136.971481,-20.631353,40.016655,7.441955,1.042865,0.143504,0,0,0,0
-101.115273,135.945801,-14.096413,35.195480,-4.435290,0.734412,0.141319,1,1,1,0
-63.321735,127.532417,-36.066154,36.719700,-6.000362,0.871783,0.168648,0,0,0,0
-102.343887,142.817780,-25.591759,46.203350,1.694294,0.676231,0.147243,1,1,0,1
-107.430962,136.454987,-17.824677,41.067154,13.859840,0.438018,0.415185,0,0,0,0
-87.390823,111.714737,-15.338250,39.531437,1.504616,1.014634,0.146987,0,0,0,0
-88.462898,117.137924,-12.876463,40.068741,3.338187,0.800879,0.154113,0,0,0,0
-104.613609,119.375229,-9.749537,42.127007,6.535801,0.670168,0.139832,0,1,1,1
-100.121056,159.029510,-23.659702,36.089420,19.807400,0.691654,0.434919,0,0,0,0
-117.650940,140.427063,-11.672762,39.234261,1.962469,0.681891,0.141961,1,0,1,1
-70.237541,124.550957,-21.540588,45.512024,-6.042994,0.569359,0.231596,0,0,0,0
-98.698471,144.251846,-30.098549,45.732738,1.304399,0.580616,0.155421,1,1,0,0
-129.669998,164.708527,-22.769100,51.555794,15.587368,0.795050,0.438078,0,0,0,0
-149.811401,164.584290,-26.661186,42.995613,13.132790,0.641341,0.114221,1,1,0,1
-108.371857,191.666214,-26.827503,48.990128,8.811291,1.627929,0.297965,0,0,0,0
-132.440231,190.804977,-44.033321,42.049061,27.695892,0.753587,0.261283,0,0,1,1
-136.398926,192.580444,-45.073212,34.526947,21.532013,0.714948,0.120136,0,0,0,0
-159.425995,202.053101,-23.871296,30.837954,31.768879,0.855842,0.232113,1,1,1,1
-83.014641,111.181839,-4.161761,35.759521,3.228864,0.653603,0.366513,0,0,0,0
-94.174500,93.604546,5.166567,41.550396,-3.299176,0.849890,0.123761,0,0,0,0
-91.204567,111.914055,-4.148659,35.517883,1.469644,0.822882,0.137576,0,0,0,0
-94.036636,116.955124,0.339644,42.157059,4.998392,0.701582,0.161181,0,0,0,0
-97.805458,118.017570,3.720033,41.078629,4.328527,0.564918,0.155646,0,0,0,0
-109.161980,117.035057,-7.141972,39.426800,0.607734,1.061137,0.166254,1,0,1,1
-98.792824,132.443787,-17.414103,46.246208,8.162728,0.494806,0.474734,0,0,0,0
-94.659882,104.085663,-25.352287,29.488716,-7.123528,0.763223,0.130252,0,0,0,0
-91.411781,105.564819,-11.062561,41.189041,-3.651014,0.752105,0.124302,0,0,0,0
-69.370750,98.688751,-22.273777,30.850212,1.710053,0.951548,0.166916,0,0,0,0
-23.740520,70.252022,-17.982264,29.847698,12.330288,0.983713,0.184905,0,0,0,0
-13.329203,83.910568,-28.370350,14.984375,10.457472,1.172192,0.211033,0,1,0,1
-61.969810,140.962769,-23.598314,20.433582,-8.662741,0.731769,0.426872,0,0,0,0
-53.924141,114.463814,-28.847881,9.857485,-9.842077,0.867528,0.218743,0,0,0,0
-47.083153,105.009544,-18.570581,19.252426,-10.243763,0.980663,0.208774,0,0,0,0
-45.320648,103.718651,-28.084061,20.948910,-9.164490,0.992794,0.229962,0,0,1,0
-64.082619,110.206787,-13.561933,24.602428,-5.950459,0.665977,0.227724,0,0,0,0
-62.898159,123.514893,-18.662201,23.888168,-5.936865,0.673109,0.258138,0,0,0,0
-61.023338,130.914276,-21.092632,26.732235,-12.961628,0.714519,0.221134,0,0,0,0
-102.604897,140.515625,-12.979414,36.778553,1.963348,0.689066,0.192895,0,1,0,0
-46.830929,121.979111,-2.074931,14.483065,-5.774947,1.160401,0.277995,0,0,0,0
-51.992611,129.018005,-2.119153,22.094999,-15.163525,1.103247,0.259011,0,0,0,0
-46.195259,121.160919,-11.526731,19.878654,-12.100333,1.000859,0.248404,0,0,0,0
-85.166122,153.385635,-4.249465,17.638790,-1.008585,0.885577,0.230824,1,0,0,1
-35.413849,125.877678,-17.437021,28.643423,-14.451019,1.189611,0.461540,0,0,0,0
-40.415218,127.433578,-23.860533,16.779892,-20.099949,1.277882,0.231418,1,0,0,0
-49.474445,114.693848,-17.795530,21.256687,-16.158363,0.738255,0.224284,0,0,0,0
-50.206303,121.218361,-15.537471,16.413557,-15.242819,1.053908,0.224801,0,1,0,0
-48.969582,114.401443,-11.115000,29.497711,-11.910297,0.888657,0.208919,0,0,0,0
-83.606392,137.226227,-26.385132,33.035019,-13.452288,0.775721,0.149719,1,0,0,1
-45.195023,127.656540,-28.640837,27.073742,-3.532807,0.879929,0.424315,0,0,0,0
-48.088341,134.450836,-19.304991,12.672230,-12.317319,1.108623,0.214843,0,0,0,1
-33.814182,120.000526,-22.182051,16.998766,-15.279133,0.687708,0.224036,0,0,0,0
-40.350430,121.856613,-20.842262,21.222218,-1.953950,1.225110,0.214841,0,0,1,0
-41.148849,120.242020,-12.768471,29.973209,-10.255453,0.801064,0.205169,0,0,0,0
-62.020615,132.386398,-20.723797,25.313629,-8.568679,1.117944,0.215168,1,0,0,1
-41.466309,129.170197,-27.227688,37.464642,-18.900770,1.081084,0.436067,0,0,0,0
-44.054653,119.568283,-39.662308,18.786766,-19.387451,0.967929,0.201707,1,1,0,0
-35.925739,113.958542,-30.797302,24.649845,-21.064869,0.862768,0.216784,0,0,0,0
-90.497780,138.467636,-9.364118,33.352463,1.197426,0.841701,0.187002,0,1,0,1
-52.593441,134.283020,-20.432800,26.056326,-20.150360,1.142252,0.471544,0,0,0,0
-53.787296,119.608376,-19.605097,17.617908,-8.377350,0.885420,0.234867,0,0,1,1
-47.342209,128.410629,-12.781612,29.261875,-21.095615,1.091865,0.217210,0,0,0,0
-66.682579,143.222382,-12.668425,22.005154,-9.485195,0.997228,0.204813,1,1,0,0
-56.382053,137.060501,-17.246864,34.657387,1.261301,0.961220,0.457425,0,0,0,0
-57.285370,119.157532,-20.872429,24.767410,-6.937860,0.968573,0.197977,0,0,0,1
-54.471153,117.452507,-14.423571,36.178562,-5.595572,0.766434,0.191841,0,0,0,0
-61.049397,122.419716,-21.473244,36.982918,9.355322,0.603957,0.200145,0,0,0,1
-66.078659,121.761932,-19.229622,38.387894,-6.759194,0.781600,0.210894,0,0,0,0
-36.094608,90.540497,-6.695560,28.030357,2.685246,0.822048,0.178527,1,0,1,0
-50.408192,132.954895,-30.593300,34.146408,-4.529910,1.028764,0.448271,0,0,0,0
-44.018867,135.415894,-37.663681,23.585978,-9.469089,0.616090,0.232171,0,1,0,0
-49.885574,129.668121,-26.911556,27.048351,-6.037918,0.799793,0.196074,0,0,0,0
-75.798553,134.704376,-10.843475,39.419014,0.635198,0.812886,0.234951,0,1,0,1
-38.630898,108.528107,-14.757832,38.479729,-6.870665,1.277531,0.256427,0,0,0,0
-77.930153,130.633316,-12.804679,23.069859,2.840431,0.820121,0.252817,1,0,1,0
-65.380707,137.190674,-23.726158,33.944778,-16.682980,1.004224,0.410337,0,0,0,0
-70.067490,129.988159,-28.258495,24.545019,-14.175846,1.080523,0.229009,0,1,1,0
-47.963997,138.898651,-26.252329,30.345581,-13.207893,1.017901,0.233430,0,0,0,0
-76.839806,119.270859,-10.788744,38.818214,-13.192125,0.595658,0.190735,0,1,0,1
-59.105770,142.922699,-25.289656,37.006519,-0.849566,0.677898,0.405766,0,0,0,0
-49.041080,121.256111,-26.172909,30.792351,-3.375717,1.135066,0.224896,1,0,0,1
-56.345940,112.891693,-13.218131,46.592175,-4.383763,0.980625,0.200838,0,0,0,0
-77.367050,140.307480,-13.570101,35.723740,1.620784,0.289909,0.219857,1,0,1,0
-42.275902,124.649780,-24.783815,33.349838,-8.267958,0.842116,0.402342,0,0,0,0
-35.617111,125.502563,-28.659172,15.563469,-15.374590,0.731652,0.206910,0,0,0,1
-34.434753,117.332863,-32.768517,15.516134,-15.493198,0.721950,0.178750,0,0,0,0
-41.485291,100.757797,-16.537397,37.442661,2.485701,1.410891,0.198681,0,1,0,0
-55.949142,116.959091,-14.134830,32.564354,-2.748713,0.495578,0.202266,0,0,0,0
-73.905846,133.704407,-10.248191,45.355362,-2.673650,0.647736,0.232399,0,0,1,1
-38.433395,127.484909,-37.694756,27.362675,-4.259519,0.932225,0.448891,0,0,0,0
-46.200378,136.675720,-32.547680,30.250790,-2.958089,0.929881,0.250555,1,0,0,0
-45.576248,126.168930,-18.478008,27.548630,-5.978194,0.745197,0.228513,0,0,0,0
-34.271946,78.096237,18.374104,19.730083,2.194674,1.675808,0.194351,0,1,0,0
-38.724411,127.878677,-9.171713,27.406929,-7.222732,1.305256,0.255096,0,0,0,0
-68.533218,135.960922,-12.570049,40.379765,-9.428850,0.633965,0.220709,0,0,1,1
-52.959671,131.884247,-7.728323,36.146763,-1.254079,1.083220,0.451344,0,0,0,0
-55.269379,122.429749,-20.282810,29.875820,-14.181135,0.612100,0.195706,1,0,0,0
-52.435490,138.564774,-15.375607,30.498871,-4.404309,1.008105,0.261685,0,0,0,0
-51.774506,122.543129,-16.931835,37.526787,-13.945049,1.154611,0.235669,0,1,0,1
-52.847256,135.093323,-12.788812,24.564758,-4.654800,0.789226,0.434236,0,0,0,0
-44.052078,129.794373,-12.721802,32.349525,-10.221564,1.360848,0.263338,0,0,1,0
-54.644974,131.999786,-9.352686,30.377083,-12.413556,1.338467,0.253312,0,0,0,0
-64.572220,132.102905,-9.368134,43.447441,-13.354036,0.722568,0.242638,1,0,0,1
-58.540695,142.643311,-10.916067,34.724079,-5.961406,0.616538,0.430676,0,0,0,0
-55.808262,129.137665,-8.933565,36.106087,-14.440038,1.089960,0.235080,0,1,0,0
-59.676872,136.943726,-1.756979,41.478737,-13.562883,1.100550,0.249660,0,0,0,0
-61.329456,126.466537,-11.102671,42.770393,-6.453342,1.107253,0.250912,0,0,1,0
-53.487621,138.924957,-11.497444,39.770546,-14.556677,0.621976,0.240048,0,0,0,0
-50.659309,135.451294,-11.065042,37.069523,-10.678442,0.871061,0.257104,0,1,0,1
-34.557789,124.278595,-12.065613,34.652290,-12.194416,1.223115,0.437556,0,0,0,0
-38.518372,119.514603,-25.080112,34.339455,-0.823247,0.695522,0.217814,1,0,0,0
-41.332897,132.972839,-26.649082,26.223814,-8.375521,0.727648,0.260813,0,0,0,0
-44.846306,106.414215,-16.644320,31.097933,2.842688,1.083319,0.203149,0,0,1,0
-49.169449,143.607910,-31.974461,23.740166,-6.185734,0.909060,0.241634,0,0,0,0
-57.555618,136.361145,-13.990560,24.725622,1.351096,0.865931,0.232822,1,0,0,1
-45.667870,117.730606,-14.802337,31.338507,3.834767,1.409383,0.407481,0,1,0,0
-40.731705,120.997253,-14.334038,22.968090,0.329747,0.855078,0.230853,0,0,1,0
-36.892017,123.738754,-14.862883,16.171354,-1.981175,0.995827,0.237551,0,1,0,0
-21.320181,121.498978,-10.423377,45.683830,11.536354,1.318099,0.347884,0,0,1,1
-45.929295,119.259628,-13.612603,43.482117,0.693813,0.798432,0.409570,0,1,0,0
-41.850594,116.289948,-22.207333,40.929977,-2.074907,0.724470,0.269049,1,0,0,1
-45.944122,112.709839,-15.863244,41.000458,1.732321,0.381835,0.236827,0,0,1,0
-47.788960,113.440201,-3.168718,34.770023,5.650437,0.422462,0.215499,1,1,0,0
-25.567862,93.076988,-4.320322,41.705578,10.603671,0.660389,0.432914,0,0,1,0
-11.948371,94.663132,-4.764856,35.186775,3.023216,0.852069,0.250766,1,0,0,1
-29.439556,98.182449,-1.456353,30.411381,7.084409,0.878904,0.220427,0,1,0,0
-80.645439,122.399773,-3.021213,34.863327,0.106039,0.641039,0.208606,0,0,1,1
-53.234108,114.727844,-1.249190,46.004608,-1.788840,0.653820,0.406073,0,0,0,0
-47.521248,121.035217,-5.392903,35.219040,-10.292993,0.665927,0.227089,1,1,0,0
-60.154343,130.195221,-3.949962,42.072678,-8.478628,0.647455,0.441626,0,0,0,0
-51.204483,117.286987,-13.578684,38.298367,-6.743342,1.118822,0.213958,1,0,1,1
-54.702957,104.057358,-0.067516,33.706490,-5.283281,0.960558,0.220775,0,0,0,0
-40.226952,72.005173,16.843334,25.020441,-10.978712,2.053558,0.158529,0,1,1,0
-44.573132,117.157471,-3.642249,34.633560,1.816611,0.975441,0.447833,0,0,0,0
-52.810658,119.141006,-18.351500,20.616154,4.738797,0.692945,0.208241,0,1,0,0
-49.572655,112.997330,-3.097164,28.288132,2.348801,0.774625,0.197990,0,0,0,0
-58.830830,123.363159,-4.435341,24.512823,-5.805605,1.046232,0.209275,1,0,1,1
-42.422367,131.267822,-10.699312,35.884567,-7.434074,1.092191,0.230869,0,0,0,0
-68.222786,115.981461,1.357882,25.041725,-4.564911,0.663235,0.187023,1,1,0,0
-63.190147,141.754120,3.349778,24.965439,-7.900230,0.802785,0.411942,0,0,0,0
-70.017693,137.298462,-6.688568,29.388311,-6.926904,0.818468,0.207557,0,0,1,1
-74.918015,132.012299,1.827936,34.474976,-6.477706,0.671052,0.414992,0,0,0,0
-90.645424,141.506729,-5.767721,17.650660,2.303647,0.518693,0.177038,1,1,0,1
-41.220470,117.885826,-1.124353,26.547480,-4.009219,1.137137,0.243071,0,0,0,0
-53.130924,113.287354,-6.441303,11.927839,-9.194250,0.944260,0.215980,0,1,0,0
-53.291096,125.658745,-1.195443,13.198646,4.488199,0.833994,0.209799,0,0,0,0
-43.610401,83.701508,-7.950006,32.971458,-27.572769,0.941816,0.165544,0,0,1,1
-49.842140,132.581665,-7.642032,21.807316,10.071507,0.533513,0.416127,0,0,0,0
-42.369938,126.327103,-5.209954,12.018936,2.381593,1.026271,0.224672,1,1,0,0
-49.237659,123.571533,-2.556441,27.909908,8.073770,1.013687,0.445191,0,0,0,0
-99.153961,138.360992,-3.278911,16.761032,5.476145,0.506430,0.205412,1,0,1,1
-51.203449,120.350174,-9.038197,24.190460,-8.329940,0.719357,0.237442,0,0,0,0
-68.905472,122.294418,-11.681688,27.041786,6.080383,0.611309,0.201176,0,1,1,0
-65.839142,141.641388,-13.165754,21.068222,0.415729,0.935885,0.441006,0,0,0,0
-62.376450,134.501038,-11.465090,5.955582,-5.698058,0.631708,0.196169,0,1,0,0
-50.391846,114.787491,1.069752,4.909789,-1.337874,0.750808,0.208948,0,0,0,0
-77.145744,129.351959,3.184188,3.103619,0.436458,0.702928,0.171836,1,0,1,1
-50.860081,126.196075,-15.815947,32.374554,-17.741901,1.055516,0.215852,0,0,0,0
-55.400570,126.916245,-3.059918,20.703650,-2.923975,1.021970,0.184282,1,1,0,0
-39.353558,117.832634,-8.660748,22.415718,6.440702,1.076082,0.369542,0,0,0,0
-50.211426,115.394081,-6.199128,21.752766,2.934226,0.940042,0.211514,0,0,1,1
-58.906334,113.769615,-17.271366,27.831333,7.303185,0.943576,0.355221,0,0,0,0
-34.904202,110.892654,-12.665831,20.110233,-1.581599,1.116008,0.235793,1,1,0,1
-42.684864,116.316010,-14.226255,18.942085,1.982126,0.776537,0.209423,0,0,0,0
-51.786430,121.899475,-9.334047,18.631083,-6.342384,0.743946,0.218744,1,1,0,0
-66.739380,142.372498,-11.826393,15.721698,-10.238222,0.689297,0.405097,0,0,0,0
-66.798111,129.226837,-11.804016,13.764111,-7.315750,1.071811,0.192495,1,0,1,1
-37.324806,116.385010,-1.754105,24.954235,-1.596460,0.818406,0.234943,0,0,0,0
-50.736542,116.151817,8.573105,14.985614,5.507414,0.632743,0.202563,0,1,0,1
-36.620708,127.402176,-16.045578,18.205061,-7.895245,0.603309,0.216434,0,0,1,0
-69.192589,132.498993,-8.210923,47.278885,-0.264218,0.490341,0.216116,1,1,0,0
-48.738373,124.718277,-8.986436,14.402719,-3.955437,1.065629,0.351410,0,0,0,0
-43.810936,128.683472,-11.771725,10.792570,-7.819031,0.840895,0.203967,0,0,1,1
-42.577076,128.144699,-27.625439,14.544497,-0.411879,1.172061,0.397689,0,0,0,0
-51.252613,104.984230,-16.504688,18.860287,9.550770,1.117711,0.161130,1,1,0,1
-46.915192,109.034897,-9.341755,36.797913,0.732128,0.668570,0.214902,0,0,0,0
-31.287014,76.505157,19.951729,24.561071,-0.044714,2.561391,0.203804,0,1,1,0
-78.465057,131.871338,-13.152298,24.282755,8.551503,1.053149,0.444263,0,0,0,0
-50.429630,122.309540,-8.636650,17.322538,-14.901484,1.418195,0.191838,0,0,1,0
-50.435474,111.310394,-0.900862,10.347167,-5.238003,0.744344,0.190951,0,0,0,0
-49.887409,103.327591,3.723348,14.342501,2.943603,1.224947,0.215076,1,1,0,1
-43.304249,112.275818,-8.073887,30.443205,-2.381621,0.671087,0.237759,0,0,0,0
-75.631310,135.009949,1.244880,31.519753,-4.295525,0.803161,0.194869,1,1,0,0
-68.252098,116.752869,-0.385957,13.686774,-4.251589,0.744637,0.372620,0,0,0,0
-60.144871,120.876114,-10.789456,13.295874,-1.165884,0.827985,0.208208,0,0,1,1
-74.087875,136.463425,-15.995007,29.340141,1.324054,0.919263,0.427652,0,0,0,0
-85.585754,133.893524,-17.442513,14.446308,-2.331932,0.902996,0.186358,1,1,0,1
-20.730965,96.285049,-11.983503,25.480234,9.183021,1.332065,0.256910,0,0,0,0
-36.010952,103.918274,-5.921067,22.850899,2.922759,0.756115,0.236331,1,1,0,0
-47.507500,117.941360,-10.304667,26.763456,7.283806,0.679557,0.408973,0,0,0,0
-77.291618,111.977112,-8.689021,14.326765,9.784047,1.161672,0.156363,0,0,1,1
-78.680305,165.798767,-25.975586,22.771877,-3.604229,0.851798,0.324380,0,0,0,0
-78.906349,157.606781,-25.658527,16.743679,-4.141013,0.920091,0.224665,0,0,1,1
-77.992821,151.147461,-26.483507,28.140783,-8.843159,1.026317,0.414871,0,0,0,0
-75.637283,118.181023,-10.950806,10.393261,13.294979,0.588262,0.212390,1,1,0,1
-48.593090,123.081886,-16.464903,26.298477,-4.305903,0.693824,0.258727,0,0,0,0
-47.466885,134.816803,-13.312769,13.377586,-24.179230,0.976588,0.236774,0,1,1,0
-59.004482,125.028488,-18.052376,28.768208,-22.503729,1.002570,0.396454,0,0,0,0
-60.058495,130.328018,-6.456116,18.645725,-18.846403,0.805415,0.173014,0,0,1,1
-55.864693,148.750839,-21.702278,17.621540,-9.160073,1.004609,0.421784,0,0,0,0
-60.426014,131.818695,-18.241520,17.087429,-15.718511,0.990110,0.208492,1,1,0,1
-44.817177,117.345863,-25.035048,20.057394,-10.021273,0.853617,0.284026,0,0,0,0
-28.465652,110.797096,-12.517368,12.991465,-0.543342,1.553177,0.194783,0,1,1,0
-76.119453,123.950943,-16.213568,28.736723,-10.962606,0.899147,0.411741,0,0,0,0
-33.506844,100.731377,-24.460014,18.416454,-6.502982,0.994862,0.171906,0,0,1,1
-37.315510,101.158981,-24.770645,21.532637,-1.295365,0.825940,0.381743,0,0,0,0
-76.420898,126.424988,-17.690378,21.326550,-8.519218,0.582233,0.149826,1,0,0,1
-41.511398,113.645432,-23.307564,23.356777,-12.548586,0.933004,0.230252,0,0,0,0
-35.595219,109.745872,-24.973980,27.019871,-19.456244,1.069476,0.192903,0,0,1,0
-58.651787,120.687012,-29.706047,17.703857,-1.320063,0.834320,0.417982,0,0,0,0
-68.889015,121.655647,-13.705936,20.753410,-1.670917,0.408156,0.168509,0,1,0,1
-35.362083,108.349655,-19.807930,37.513409,7.262118,0.939658,0.296223,0,0,0,0
-25.851952,104.874039,-22.026295,28.895836,-11.729897,0.981503,0.250539,1,0,0,0
-34.609684,116.901428,-24.084160,41.763039,-2.272762,0.746356,0.382826,0,0,0,0
-56.490051,129.101257,-20.526096,28.482094,-7.447654,1.136309,0.227083,0,0,1,1
-42.410419,116.608612,-13.655375,29.911158,-10.026134,0.793918,0.239593,1,0,0,0
-51.169064,116.368057,-18.450470,36.347984,-5.939237,0.748538,0.207745,0,1,0,0
-28.787125,103.908661,-8.298985,34.486588,-9.198315,0.763824,0.199507,0,0,1,0
-41.944530,79.115349,8.387812,19.744564,-8.800353,0.886286,0.177178,1,1,0,1
-45.018520,122.225121,-23.662724,17.595438,-12.868565,0.860923,0.398230,0,0,0,0
-42.946148,115.228531,-28.760410,18.632879,-19.625042,1.242304,0.184163,0,0,1,1
-57.390568,125.054840,-12.427650,22.048660,-18.863325,0.933821,0.393043,0,0,0,0
-51.954124,115.635529,-15.197997,21.158756,-15.453153,0.722399,0.201258,1,1,0,0
-37.857571,117.555344,-6.170996,30.692102,-9.536076,0.758922,0.260124,0,0,0,0
-55.187042,118.315765,-14.604523,28.455585,-2.193031,1.145671,0.172800,0,1,1,1
-47.576847,125.432320,-19.389002,28.533777,-0.160849,0.864867,0.430327,0,0,0,0
-50.214886,120.002411,-11.975811,21.324924,-6.711696,0.630230,0.193876,0,0,1,0
-39.622627,104.769730,-11.568779,17.791706,-8.400703,0.773312,0.201366,0,0,0,0
-64.691513,114.320030,-11.642551,17.766014,5.280785,1.103601,0.168288,1,1,0,1
-61.641418,118.467384,-15.621329,44.347340,0.499107,0.818997,0.212221,0,0,0,0
-62.431702,124.665909,-9.281408,31.771847,-0.428908,1.012695,0.235117,0,0,1,1
-37.115902,104.074020,-3.392814,17.568459,-4.388494,1.303028,0.399067,0,0,0,0
-88.395950,115.475067,-9.526789,40.183853,14.209356,1.008737,0.166329,1,1,0,0
-55.302330,121.014328,-2.176268,30.174080,3.399688,0.703314,0.420938,0,0,0,0
-61.187588,109.891342,-0.743491,26.136307,5.758816,0.798766,0.192184,1,0,1,1
-42.353073,118.338509,-19.828030,22.946526,-0.597031,0.988462,0.231132,0,0,0,0
-65.965515,122.432480,7.146672,25.849316,13.026138,0.939231,0.202789,0,1,0,1
-54.159405,124.460732,-8.847527,15.181245,-2.765871,0.637030,0.224038,0,0,1,0
-54.687874,95.165283,-4.762590,49.227863,-16.439148,0.882775,0.190663,1,1,0,0
-53.213406,113.541298,-7.391149,32.112988,22.932745,0.705004,0.420133,0,0,0,0
-52.874313,115.593796,-5.124224,17.218016,13.218111,0.592406,0.199963,0,0,1,1
-68.848572,136.413406,-3.928598,23.458035,20.067324,0.868768,0.415804,0,0,0,0
-59.822609,126.570938,-11.254370,21.087063,11.818014,1.239677,0.216596,1,1,1,0
-63.777275,107.722023,-3.076627,35.972298,2.983192,0.849450,0.199656,0,0,0,0
-78.365128,112.118805,-0.325570,19.870375,7.780062,0.952301,0.170140,0,1,0,1
-46.913090,130.652313,-26.832138,24.382874,4.049895,0.942703,0.444286,0,0,0,0
-53.540718,137.155579,-26.021503,6.671926,-0.850249,0.803351,0.218519,0,0,0,1
-62.345245,112.804680,-10.974636,5.919525,6.280591,0.708643,0.199024,0,0,0,0
-48.147854,81.864700,27.725567,14.114773,-7.600679,0.838001,0.166723,1,1,1,0
-51.450703,134.989197,-15.671101,31.913471,-7.433262,0.947689,0.233733,0,0,0,0
-74.945129,128.776794,-6.972644,17.638447,-2.705410,0.941532,0.184934,0,0,1,1
-61.239113,121.616226,-4.529127,20.667229,-3.805246,0.886250,0.365564,0,0,0,0
-46.422035,70.048996,18.543255,3.161485,-5.967062,1.386824,0.167211,1,1,0,0
-81.326637,148.018738,-15.029281,24.571529,-10.946235,0.979607,0.434724,0,0,0,0
-103.178253,140.758514,-4.591393,8.370693,10.339692,0.996599,0.166316,1,0,1,1
-43.780148,113.886093,-9.492260,28.881100,3.907794,0.735863,0.216814,0,0,0,0
-74.998535,118.903191,3.597362,20.389313,6.686983,0.684492,0.191722,0,1,0,0
-43.074501,117.378128,-3.733291,12.296438,-7.635643,0.937279,0.248533,0,0,0,0
-80.517014,132.678131,4.046027,25.480209,10.323262,0.632528,0.211305,0,0,1,1
-50.132679,120.270920,-5.730905,12.848314,6.204091,0.749597,0.395856,0,0,0,0
-57.424179,126.777222,-12.657446,0.205165,-8.125990,1.200881,0.192813,1,1,0,0
-68.864861,136.090988,-18.127102,11.364996,1.025501,1.186703,0.381352,0,0,0,0
-45.139812,102.690918,-13.327160,25.063000,1.763623,2.628209,0.201292,1,0,1,1
-62.231350,125.718842,-1.875830,34.698364,6.428673,0.475879,0.201859,0,0,0,0
-38.606174,79.867081,-1.156517,41.382439,-12.334719,1.126191,0.175980,0,1,1,0
-71.636826,141.716171,-10.535089,19.599043,-1.691196,0.558824,0.422560,0,0,0,0
-58.322136,137.859650,1.591806,12.034626,-0.923631,0.788292,0.240249,0,1,0,0
-58.638206,130.272018,7.464293,15.696974,5.409719,0.574763,0.226842,0,0,0,0
-83.516953,117.686676,16.708384,8.270376,8.665722,0.713416,0.166833,1,0,1,1
-31.984623,118.722435,-26.701496,32.771049,3.274815,0.860744,0.244447,0,0,0,0
-74.723701,147.473206,-12.137154,19.293518,-4.219756,0.950949,0.219969,1,1,0,0
-49.917610,121.788574,-3.261258,18.323984,-0.460912,1.003120,0.358488,0,0,0,0
-61.354855,130.662994,-9.162519,7.020577,-4.798398,0.513844,0.198853,0,0,1,1
-74.793663,136.420898,-1.497804,25.746092,6.565328,0.826291,0.422704,0,0,0,0
-64.927887,128.071625,-6.103233,18.137594,6.248258,0.983916,0.216400,1,1,1,0
-42.236923,103.079926,-9.954193,38.875740,7.984251,0.861006,0.223125,0,0,0,0
-31.051327,105.887177,-7.667925,26.205624,9.208694,0.905021,0.238721,1,0,0,1
-47.938602,116.032089,-15.021046,39.914574,16.254665,0.627186,0.286231,0,1,0,0
-32.717892,115.002060,-22.543966,34.118149,10.445158,0.711016,0.251724,0,0,1,1
-38.880138,119.287476,-10.347574,15.246878,3.063378,0.724854,0.397050,0,0,0,0
-49.397655,124.526962,-15.202296,13.111048,-3.674577,0.715860,0.195045,1,1,0,0
-63.526104,146.610657,-18.025169,18.266239,5.785652,0.949072,0.432089,0,0,0,0
-62.435867,137.228836,-14.163665,12.016543,0.690137,0.987199,0.201090,1,0,1,1
-64.612373,114.193176,-4.259663,35.896496,1.786030,0.866552,0.213880,0,0,0,0
-66.081444,91.477715,0.896010,32.662769,1.531627,1.116444,0.194310,0,1,1,0
-44.497459,121.018829,-13.898146,35.455357,8.503629,1.276066,0.405272,0,0,0,0
-57.009762,132.936584,-23.485981,13.920225,13.717276,0.667829,0.234942,0,1,0,0
-41.463657,121.858200,-12.282274,13.502232,4.039202,1.053157,0.234525,0,0,0,0
-32.812935,100.065567,-9.700690,39.116310,15.136517,0.880973,0.210337,1,0,1,1
-39.540539,116.512039,-18.560860,49.877388,2.443094,0.635174,0.283068,0,0,0,0
-95.564072,138.228180,-16.576880,26.995415,-2.159009,0.831604,0.195439,1,1,0,0
-45.681835,126.907394,-16.021063,5.920346,6.074670,1.062666,0.369653,0,0,0,0
-43.181637,128.798248,-14.800411,5.014586,-2.119138,0.603281,0.199859,0,0,1,1
-50.471645,135.813782,-18.457623,26.896126,-2.405895,0.848383,0.402127,0,0,0,0
-65.229103,136.424622,-19.858007,7.945509,-3.287160,0.993062,0.186077,1,1,1,0
-32.166813,111.506561,-11.319094,18.058395,-2.226037,1.048585,0.254457,0,0,0,0
-34.458153,114.661148,-16.428749,12.222673,-4.914608,1.034623,0.206571,1,1,0,0
-66.981308,134.080872,-12.953830,22.462135,-0.752358,0.869461,0.421028,0,0,0,0
-79.324326,120.578751,-5.843007,18.361956,12.573477,0.842895,0.193762,1,0,0,1
-49.613495,103.649651,-14.974758,48.590878,-3.584806,0.995453,0.203804,0,0,1,0
-79.226501,131.525818,-16.046955,38.405853,-1.748012,0.648422,0.172917,0,1,0,0
-75.613342,128.634918,-5.712089,56.002670,-0.485472,0.670677,0.246730,1,0,0,0
-63.099052,113.926895,-4.558345,52.710213,-2.505874,0.962991,0.251586,0,0,1,1
-54.625904,130.257614,-1.074836,41.219467,-6.937422,0.808652,0.385434,0,0,0,0
-56.896843,128.047440,-7.758473,33.585861,-14.538597,0.965987,0.200740,1,1,0,0
-66.216766,138.755371,-3.450406,36.665958,-8.287606,0.637423,0.419904,0,0,0,0
-54.559574,129.666367,-0.607936,31.464712,-5.690890,0.897064,0.234551,0,1,1,1
-33.273159,86.275040,1.762829,31.657841,-17.354748,1.652076,0.181372,0,0,0,0
-49.179852,76.485054,9.708828,29.665722,-7.926207,0.989433,0.171921,1,0,1,0
-66.251137,144.682922,-10.606617,16.592714,-7.240829,0.854369,0.420418,0,0,0,0
-75.135254,135.496613,-1.584571,19.417530,-5.981078,0.987846,0.199730,1,0,0,0
-58.702885,118.734253,10.662018,13.378876,5.009789,0.892740,0.193468,0,0,0,0
-61.799389,125.647720,11.079441,12.852905,9.380357,0.913685,0.242894,0,1,1,1
-45.875160,121.726730,-10.288899,41.473846,-1.879561,0.808956,0.202869,0,0,0,0
-45.853733,74.591644,20.459881,18.372086,-10.535121,0.816310,0.179263,1,1,0,0
-67.385315,135.300476,2.256476,23.674341,-0.805247,0.768899,0.401019,0,0,0,0
-57.649227,134.103516,6.898480,20.305828,5.965075,0.945050,0.243813,0,0,1,1
-68.526550,136.654510,3.171759,32.554836,4.706181,0.593177,0.422913,0,0,0,0
-85.149628,149.613434,-0.248995,18.186686,7.459546,0.497648,0.214718,1,1,1,0
-41.405720,105.804169,-3.133313,25.124390,0.668368,1.089433,0.203984,0,0,0,0
-46.366947,109.837440,0.508505,8.969679,0.454370,0.842535,0.213632,1,0,0,1
-57.065273,124.066727,-8.312434,28.303368,5.768954,0.696001,0.203818,0,1,0,0
-32.512131,80.369820,0.708778,38.869942,0.945450,0.852419,0.200383,0,0,1,1
-49.641514,121.423904,-6.163683,26.731632,8.498878,0.520305,0.392872,0,0,0,0
-51.061085,126.871674,-6.058346,11.323027,2.048521,0.551861,0.222009,1,1,0,0
-49.714905,136.985657,-5.865823,19.719250,9.665594,0.811312,0.417443,0,0,0,0
-54.714512,118.157104,-12.625175,18.337547,8.043995,0.996230,0.214917,0,1,1,1
-37.311352,113.737808,-6.929433,32.415291,8.557033,0.796525,0.247742,0,0,0,0
-68.349747,122.661163,0.337662,23.158546,8.060405,1.043729,0.212703,1,0,1,0
-57.806442,141.956070,-11.484373,14.030136,-1.712900,0.685119,0.429357,0,0,0,0
-62.616524,125.271027,-19.587234,-2.422637,1.157037,0.819456,0.194678,1,0,0,0
-49.959831,112.945496,-8.386192,-2.494201,-0.527006,0.679798,0.231141,0,0,0,0
-83.938782,136.535461,-3.425448,13.856041,4.468852,0.877678,0.157040,0,0,1,1
-90.655182,157.138428,7.157069,23.926399,0.325358,0.406628,0.415908,0,0,0,0
-69.524246,143.516846,-2.095545,6.557473,-2.834688,1.699351,0.199434,1,1,0,1
-42.657818,112.894516,-10.661325,18.977297,1.970711,1.189307,0.259103,0,0,0,0
-49.803371,119.770676,-6.758566,16.038946,-0.543270,0.643897,0.225024,0,1,1,0
-64.108711,132.639252,-5.948104,23.528923,-6.267670,1.210673,0.404509,0,0,0,0
-43.772549,86.153030,28.893690,18.543335,-15.072001,1.344595,0.193857,0,0,1,0
-40.521084,112.766846,-9.116491,13.534716,-2.049220,0.711442,0.203741,0,0,0,0
-67.469978,128.456223,-2.690390,4.634214,1.782068,0.682723,0.212933,1,1,0,0
-54.399391,133.074829,-9.687472,30.687336,-11.471321,0.825881,0.431973,0,0,0,0
-29.328564,70.101242,-8.827636,41.599823,-24.171329,1.069457,0.161284,1,0,1,1
-38.455975,118.586700,-10.440306,25.289133,7.046200,0.893468,0.233711,0,0,0,0
-23.309101,109.435120,-14.434680,18.880253,0.706993,1.058796,0.232129,0,1,1,1
-21.752228,120.314301,-26.454910,26.584497,-11.221642,0.971200,0.212100,0,0,0,0
-42.671677,76.046524,25.537899,20.472940,2.894119,0.934741,0.187546,1,1,0,0
-47.464832,121.933044,-31.044537,25.031473,0.335541,0.796231,0.358532,0,0,0,0
-43.024990,109.471535,-38.208099,20.967831,-9.151068,1.236531,0.203707,0,0,1,1
-52.642014,122.442429,-29.254351,27.898071,0.811504,0.888252,0.380227,0,0,0,0
-49.717770,118.099396,-29.047874,23.658592,-1.456221,1.153193,0.254453,1,1,1,0
-29.189930,108.467209,-27.708597,26.722153,4.022111,0.898098,0.258503,0,0,0,0
-71.231743,114.766273,-9.554674,23.315197,1.637941,0.435835,0.195601,1,0,0,1
-57.407455,126.659790,-16.490847,19.240679,-5.227481,0.949081,0.403069,0,0,0,0
-60.165436,116.483673,-20.719753,11.209728,-5.711806,0.733566,0.214860,0,0,0,1
-48.835049,115.166985,-11.441818,5.676072,-3.631842,0.727399,0.231078,0,0,0,0
-54.807899,125.679016,-11.773464,16.145897,-0.006878,0.813037,0.202254,1,1,0,0
-68.314339,134.984192,-5.283548,27.242188,0.437709,0.780914,0.441457,0,0,0,0
-81.170952,140.852509,-10.375397,12.531090,-1.762577,0.994717,0.167311,1,0,1,1
-53.122356,121.452484,-5.173899,20.224789,-7.989116,0.820936,0.214433,0,0,0,0
-58.455555,121.089340,-9.829926,21.143379,-11.608814,0.854055,0.189560,0,1,1,0
-72.433617,141.767593,-8.047693,28.986279,-5.087311,0.791061,0.414746,0,0,0,0
-72.469780,113.379868,-14.416119,15.987516,-9.966482,0.765172,0.203873,0,1,0,0
-47.136246,109.117935,0.018953,19.873795,-2.350277,0.822097,0.235204,0,0,0,0
-76.413124,114.066940,-3.040240,20.899681,6.247325,0.596177,0.157042,1,0,1,1
-56.613827,110.934525,-14.846028,41.741943,-3.993900,0.760004,0.220085,0,0,0,0
-55.623924,102.636543,-14.562536,33.319321,4.477077,0.961033,0.169373,1,1,0,0
-50.620831,96.347183,-5.008939,31.733173,12.318257,0.901273,0.405746,0,0,0,0
-61.608135,112.607079,-22.587395,13.722249,10.670609,1.511412,0.161654,0,1,0,1
-41.503719,87.698441,-8.321817,57.517593,-20.513607,1.136228,0.438613,0,0,0,0
-32.207188,68.587051,-6.446093,51.485996,-13.761656,0.868937,0.179276,1,0,1,1
-40.161064,123.559937,-26.431870,24.852110,0.630575,0.655298,0.233119,0,0,0,0
-38.648102,113.045883,-26.690140,28.414938,-2.727215,1.176788,0.241555,0,1,1,0
-47.696938,115.754402,-26.589251,28.761105,-6.314277,0.761535,0.370505,0,0,0,0
-40.763206,135.155823,-8.196177,26.637764,-4.785044,1.198397,0.225621,1,1,0,0
-66.592545,134.837387,-3.775205,25.949986,-9.685107,1.293334,0.420839,0,0,0,0
-56.535839,128.534607,-18.093681,30.711348,-3.831871,1.099027,0.218906,1,0,1,1
-44.807049,113.943756,-11.303194,33.739872,-1.897991,0.784400,0.225374,0,0,0,0
-53.428364,119.808250,-15.820918,25.238411,-11.202906,1.018696,0.229945,0,1,1,0
-59.803482,127.803833,-14.125465,24.060863,-16.648148,1.179108,0.420107,0,0,0,0
-59.050983,132.583389,-5.910890,20.396301,-9.703588,0.644389,0.213236,1,1,0,0
-61.297424,137.379639,-3.301256,20.250767,-12.402393,0.823571,0.428587,0,0,0,0
-71.709160,134.718460,-15.980377,22.033619,-9.609353,0.920536,0.188962,1,0,1,1
-22.249926,111.383949,-16.896473,31.654739,-6.939946,1.110954,0.256915,0,0,0,0
-42.931652,124.466888,-8.891172,40.281044,-5.408646,0.654109,0.234875,0,1,1,0
-47.704739,117.409271,-14.773399,34.663910,2.202397,0.830593,0.416653,0,0,0,0
-93.674232,131.193939,-8.616125,32.225533,-0.518668,0.520043,0.160257,1,1,0,1
-42.771515,125.746918,-2.690059,26.914713,-6.644059,1.112232,0.415812,0,0,0,0
-73.036324,142.952057,-20.121105,23.530861,-5.688627,0.904673,0.207574,0,0,1,1
-51.342194,135.948303,-22.552597,30.622755,-13.906531,0.727736,0.253182,0,0,0,0
-53.332020,132.580551,-24.208839,15.328826,-14.541463,0.839690,0.219255,1,1,0,0
-51.663776,117.086586,-2.735070,38.102192,13.291409,0.832133,0.395540,0,0,0,0
-47.392380,109.822006,-14.338802,14.740940,3.468318,0.858156,0.188490,0,1,0,0
-37.100857,111.537712,-19.608723,25.585651,6.686658,1.150466,0.220813,0,0,1,0
-38.672302,115.335419,-17.630867,28.494762,4.125484,0.787614,0.234180,1,1,0,1
-67.213631,125.251846,-21.794121,14.877937,-4.284813,0.613097,0.399503,0,0,0,0
-48.462238,123.936188,-18.836456,19.233137,-10.445084,0.967571,0.233031,0,0,0,0
-49.640785,120.629303,-25.922039,13.256189,-11.341126,1.262649,0.217727,0,0,0,0
-52.673683,121.609818,-19.817509,21.425907,0.440186,1.442024,0.190603,0,0,0,0
-28.194712,77.143745,-9.674170,49.191132,-19.367107,0.712591,0.206020,0,0,0,0
-54.591328,102.788315,-10.483257,27.871777,-18.261913,0.394922,0.166080,1,0,1,1
-64.848541,133.118896,-26.285498,30.866341,-0.348159,0.630604,0.416485,0,0,0,0
-54.810368,122.405701,-19.697756,26.604513,-3.266020,0.972671,0.229577,0,0,0,0
-62.306446,128.970657,-17.995747,35.773453,-3.185486,0.566356,0.216642,0,0,0,0
-56.032276,127.489655,-19.364594,29.224880,-8.598734,0.800339,0.186102,0,0,0,0
-54.308510,122.763062,-20.643547,39.249416,-5.628786,0.865055,0.193360,0,0,0,0
-50.645634,121.593704,-19.965683,24.056160,2.451830,1.250677,0.197500,1,1,0,1
-55.011581,139.126297,-21.884480,35.841919,11.566090,0.797477,0.432777,0,0,0,0
-55.906200,120.790916,-25.782015,21.227114,0.612140,0.998690,0.194340,0,0,0,0
-52.379128,119.695541,-22.196186,27.908463,1.738519,1.224527,0.217223,0,0,0,0
-54.135479,128.964905,-20.332474,27.937962,12.767818,0.939062,0.244449,1,1,0,0
-54.142971,123.044991,-26.131670,27.351765,5.994713,0.972830,0.400157,0,0,0,0
-57.481915,113.134872,-10.113636,33.949520,9.002097,0.640671,0.222650,0,0,0,0
-50.819553,112.411346,-20.929365,25.003473,9.255865,0.843536,0.222534,0,0,0,0
-42.858372,123.670731,-16.744530,23.638710,4.640732,0.894430,0.225442,1,0,1,0
-64.909988,132.057617,-15.019863,27.327984,13.944638,0.864332,0.444847,0,0,0,0
-57.529839,119.279823,-24.089558,22.848576,7.853879,0.788993,0.217522,0,0,0,0
-51.871445,117.888969,-21.391409,20.515282,3.997557,0.842133,0.202832,0,0,0,0
-51.291458,119.736755,-23.033863,20.369850,7.720853,0.690900,0.196551,0,0,0,0
-54.076508,117.152618,-25.909573,17.881504,-1.395423,0.779484,0.182289,0,0,0,0
-47.634480,116.276596,-16.021629,15.968025,6.479630,1.092199,0.193369,0,1,0,1
-59.855034,137.522766,-14.274519,36.877129,-3.104357,0.640020,0.451093,0,0,0,0
-77.519714,121.562958,-11.244767,29.197323,-4.627663,0.790924,0.150250,0,0,0,0
-54.010948,112.178482,-26.977478,24.468346,5.999641,0.892046,0.153432,0,0,0,0
-68.743332,110.394295,-15.711674,21.978100,-3.402266,0.756814,0.138450,0,0,0,1
-70.026436,126.507095,-18.839401,29.541405,9.350476,0.538166,0.192283,0,0,0,0
-72.256126,128.046631,-12.754343,32.577271,-1.605570,1.165107,0.185163,1,0,1,0
-44.349068,120.903633,-28.541121,28.522877,-3.671624,0.740325,0.427839,0,0,0,0
-93.548813,133.033508,-22.281788,36.761658,9.230265,0.738358,0.162806,0,0,0,1
-56.329865,122.568504,-32.427338,20.507294,-9.647823,0.921530,0.196626,0,0,0,0
-69.281563,119.451744,-10.905415,23.024963,2.728965,0.860571,0.153243,1,1,0,0
-59.321991,136.081116,-9.385929,22.027168,-1.025470,0.759688,0.428736,0,0,0,0
-49.683315,115.511086,-23.084860,31.838999,-5.839986,0.871950,0.195156,0,0,1,0
-51.176865,115.170395,-17.454313,30.485664,2.371788,1.129930,0.211760,0,0,0,0
-42.069126,116.814774,-18.053793,30.152365,-3.386899,0.590034,0.187383,1,0,0,1
-37.329239,115.725327,-15.030489,28.431364,-7.521533,1.425625,0.370451,0,0,0,0
-42.555073,105.816895,-5.238815,30.249371,-4.948475,1.115016,0.211492,0,0,0,0
-22.965738,105.857948,-16.852062,24.568764,10.297621,1.027020,0.222600,0,0,0,0
-48.438820,105.075783,-21.446354,26.873192,-0.183798,0.504872,0.181631,0,0,1,1
-42.297291,102.267044,-21.557413,41.456070,11.879822,0.653128,0.412759,0,0,0,0
-13.365067,75.529152,-20.546978,43.843193,1.954840,1.806947,0.184233,0,1,1,0
-38.915634,102.764626,-7.656477,28.844891,13.902121,0.712901,0.223722,0,0,0,0
-29.005924,107.425537,-10.263262,19.723541,11.943071,1.305074,0.222865,1,1,0,0
-31.268976,121.919022,-11.963646,24.164604,1.475596,0.822690,0.398668,0,0,1,0
-33.764576,112.570892,-21.337589,26.449995,6.937932,0.947029,0.229170,1,0,0,1
-30.888830,110.671600,-8.409433,29.458698,-6.581869,0.889237,0.209785,0,1,0,0
-31.431667,82.654388,12.630991,14.826304,0.557834,0.746332,0.198122,0,0,1,1
-61.826752,137.686203,-22.351624,38.766266,-2.832668,0.909617,0.402122,0,0,0,0
-50.658466,133.572815,-35.212280,27.625935,-6.526893,0.519864,0.205362,1,1,0,0
-49.074520,137.313171,-18.232700,39.757599,-1.363064,0.945701,0.261509,0,0,0,1
-48.145889,137.852905,-23.534615,23.729521,-4.775015,0.931892,0.216447,1,0,1,0
-57.747173,130.083481,-25.365704,36.535072,1.939514,0.896031,0.335091,0,1,0,0
-26.527946,79.930573,7.114166,26.479721,6.669405,1.762440,0.187448,0,0,1,1
-30.964600,121.944382,-21.369301,30.200523,0.945361,0.789287,0.263666,0,1,0,0
-46.276485,123.310814,-18.101021,22.175549,-2.895774,1.002027,0.222599,1,0,0,1
-35.442410,125.972099,-2.924885,28.357870,-3.674550,0.794322,0.424122,0,0,1,0
-46.346287,114.872559,-18.462137,17.761993,2.329766,0.941332,0.216146,1,1,0,0
-48.209724,117.980370,-11.850859,30.285976,-14.405771,1.024229,0.195137,0,0,1,0
-75.876213,132.725906,-18.838245,46.379929,-5.111814,0.698517,0.185646,1,1,0,1
-63.855915,140.766281,-21.873055,31.325741,-11.812119,0.990257,0.408261,0,0,0,0
-49.294609,119.972397,-20.796719,23.337912,-23.707106,1.217540,0.204509,0,0,0,0
-56.762135,115.633293,-27.905518,21.614422,-19.599915,0.998149,0.191450,0,0,0,0
-58.646179,118.519394,-19.848011,25.993578,-16.286636,1.002771,0.207433,0,0,0,0
-60.619030,125.953918,-21.836876,21.365871,-23.158741,0.869403,0.206326,0,0,0,0
-58.477295,131.720520,-24.531387,23.150854,-19.418070,1.023903,0.206917,1,1,0,1
-25.143097,107.224800,-28.555529,36.966240,6.627909,1.359772,0.421468,0,0,0,0
-81.098061,120.036308,-18.612959,27.132336,4.901540,0.895468,0.140249,0,0,0,0
-56.832245,113.993820,-21.105457,24.895653,-9.848418,0.916320,0.172655,0,0,0,0
-68.435608,124.216034,-13.240469,27.603821,2.669980,0.556625,0.162034,0,0,0,0
-103.787018,145.542389,-18.625420,35.912987,-3.058549,0.781781,0.216284,0,0,0,0
-89.864197,130.011505,4.295413,35.860435,-8.758580,1.218684,0.197677,0,0,0,1
-149.266388,109.769028,-18.452253,25.621309,-2.704333,0.653052,0.161793,0,0,0,0
-162.418015,80.968643,-52.661911,0.636372,-28.350431,1.144849,0.191280,0,0,0,0
-154.746689,76.972992,-59.211277,-0.071214,-35.838860,0.792695,0.195192,0,0,0,0
-172.220337,62.207333,-58.602623,-4.399562,-34.275200,0.653108,0.200020,0,0,0,0
-144.570343,48.021637,-69.913017,-7.880646,-22.640030,1.709342,0.130681,0,0,0,0
-176.436752,21.041931,-62.877609,4.273909,5.828492,0.664909,0.065694,1,0,0,0
-135.083176,66.983902,-46.336731,-15.084539,-30.785290,1.406090,0.183297,0,0,0,0
-140.570511,67.348778,-56.416962,-12.015317,-48.873013,1.532369,0.173815,0,0,0,0
-155.860336,51.847267,-61.639160,0.300739,-52.756413,1.369324,0.164532,0,0,0,0
-154.335541,40.624947,-67.264252,-2.242941,-49.903042,1.300066,0.185075,0,0,0,0
-177.148483,31.870808,-51.987946,-0.619989,-48.341537,0.667988,0.172629,0,0,0,0
