mfcc0,mfcc1,mfcc2,mfcc3,mfcc4,onset,rms,lane0,lane1,lane2,lane3
-5.974745,-2.249691,-1.427599,-3.913617,0.767464,-0.611307,-3.213494,0,0,0,1
-4.612409,-0.152609,-2.020190,-3.019554,-0.103655,-1.648557,-2.811489,0,0,0,0
-5.332473,-0.561983,-1.354717,-4.065076,0.498416,-0.440060,-2.986166,0,0,0,0
-5.569257,-0.301560,-0.741684,-4.257256,0.682571,-0.901848,-3.029432,0,0,0,0
-4.810176,-0.732505,-2.316456,-2.596068,1.944199,-0.883230,-3.042210,1,0,0,0
-4.358896,-0.454774,-2.971445,-3.227147,0.459406,-0.284932,-2.906398,0,0,0,0
-4.965645,-0.586050,-2.016473,-3.377778,0.867536,0.354679,-3.047020,1,0,0,0
-4.180385,-0.556973,-2.779398,-2.325791,0.286267,2.393883,-2.688420,0,0,0,0
-4.620555,0.434247,-2.100750,-3.264119,2.068563,0.313976,-2.949546,0,0,0,0
-4.918556,-0.482187,-2.333622,-3.956441,1.622743,0.244009,-2.841261,0,0,0,0
-4.792908,-0.474555,-2.297674,-3.970612,0.512817,-0.127972,-2.840292,0,0,1,0
-4.394971,-0.521085,-3.385396,-3.787116,0.652030,-0.591083,-2.917020,0,0,0,0
-4.327961,0.627711,-3.093144,-4.023049,2.236993,-0.910057,-2.992211,0,0,1,0
-3.682965,0.943893,-3.883185,-4.131688,0.843833,0.654052,-2.578900,0,0,0,0
-4.069386,0.648234,-3.330674,-4.262954,1.048899,0.636474,-2.690952,0,1,0,0
-3.182117,1.262856,-3.454963,-3.423921,-1.395800,0.331423,-2.782291,0,0,0,0
-3.157288,0.243719,-3.124968,-1.095987,-0.457760,1.165874,-2.679188,0,1,0,0
-3.160752,1.822700,-4.078843,-2.864411,1.976380,-1.245965,-2.464575,0,0,0,0
-3.555566,1.146652,-4.062897,-3.801159,1.003685,-0.153264,-2.505883,0,0,0,0
-3.133832,2.000152,-4.199007,-3.426760,1.104184,0.720507,-2.649670,0,0,0,0
-3.245172,1.431229,-3.710100,-2.199463,1.581433,2.044835,-2.623372,0,0,0,1
-3.160492,2.717335,-3.539493,-3.375473,1.506600,-1.292063,-2.597849,0,0,0,0
-2.933826,0.392358,-3.540692,-1.771859,-0.867307,1.562676,-2.601662,0,0,0,1
-3.062492,2.087591,-4.015342,-3.344715,1.193022,-0.595185,-2.625155,0,0,0,0
-3.576090,1.669302,-3.117432,-2.731751,2.226621,-0.163746,-2.788141,0,0,0,0
-3.515102,1.640399,-3.320160,-2.860078,1.880635,-1.053923,-2.810146,0,0,0,0
-3.155565,1.635747,-3.269469,-2.594608,-0.092401,-0.673304,-2.759668,1,0,0,0
-2.980138,1.957096,-3.841183,-2.839436,0.340664,-0.363141,-2.617203,0,0,0,0
-3.613651,2.241106,-2.828199,-3.615864,0.825067,-0.886532,-2.883307,1,0,0,0
-2.773267,1.765137,-4.303222,-1.876603,0.772918,-0.583646,-2.544743,0,0,0,0
-2.975641,1.603619,-3.721259,-1.908090,0.400684,0.327048,-2.662795,0,0,1,0
-2.474933,2.350750,-3.693323,-1.823250,-0.141306,0.122346,-2.526198,0,0,0,0
-3.156655,2.326232,-2.613677,-2.150277,-0.088188,0.259811,-2.813756,0,0,1,0
-3.043809,2.543093,-3.197253,-2.296963,1.490367,1.542459,-2.434326,0,0,0,0
-3.598671,2.199403,-2.907311,-2.846206,2.299976,0.540641,-2.764597,0,0,0,0
-3.777385,1.822849,-2.779091,-2.950530,1.931950,0.021051,-2.835177,0,0,0,0
-3.490135,0.766692,-2.792553,-1.900753,-0.497397,-0.596519,-2.810188,0,1,0,0
-3.616197,1.859423,-2.837004,-3.096176,0.881966,-0.109543,-2.740378,0,0,0,0
-4.058168,1.375985,-2.619102,-3.399615,1.647225,-0.621920,-2.959837,0,1,0,0
-3.602808,1.338847,-2.977846,-2.794660,0.031820,0.564444,-2.462721,0,0,0,0
-4.042723,1.776494,-2.249143,-3.121128,1.933370,-1.306914,-2.789620,0,0,0,0
-4.042732,1.907384,-2.380889,-4.241219,0.652707,-0.248759,-2.680517,0,0,0,0
-4.028054,0.887544,-2.729882,-3.737626,0.161709,0.194662,-2.787190,0,0,0,1
-4.171300,0.902071,-2.726019,-3.828453,1.036799,-0.589551,-2.778748,0,0,0,0
-4.410165,1.245279,-1.945358,-3.625576,1.432097,-0.934777,-2.978606,0,0,0,1
-3.329570,2.533643,-2.866856,-3.825038,-0.170010,-0.626937,-2.397849,0,0,0,0
-4.066427,1.672425,-2.947694,-5.000852,1.159365,-0.848211,-2.596619,1,0,0,0
-3.012060,1.347872,-3.309149,-2.666508,-1.771322,-0.201086,-2.518519,0,0,0,0
-3.717256,1.476063,-2.450648,-3.048954,0.005513,-1.300054,-2.885317,1,0,0,0
-2.988857,2.548626,-3.388616,-3.157132,-0.598136,0.295495,-2.488647,0,0,0,0
-3.346669,1.648641,-3.821637,-3.388669,0.179844,-0.705527,-2.583930,0,0,0,0
-3.352982,1.902809,-3.597483,-3.194554,0.105937,0.064678,-2.789717,0,0,0,0
-3.822989,1.682926,-2.370799,-2.886328,0.693441,-0.313447,-2.843876,0,0,1,0
-3.060011,3.041283,-3.172679,-3.251084,1.001122,0.007167,-2.377692,0,0,0,0
-3.752906,2.186782,-2.368097,-3.168566,1.484373,-0.703892,-2.626116,0,0,1,0
-3.138530,1.377032,-4.151005,-2.218116,1.555278,-0.600492,-2.321584,0,0,0,0
-3.565721,0.906476,-4.048377,-2.589509,3.013600,-0.343181,-2.343646,0,0,0,0
-3.281188,2.172706,-3.521825,-2.786873,2.645562,1.507291,-2.556758,0,0,0,0
-3.646013,1.717048,-2.869819,-2.714179,1.673528,-0.790517,-2.688948,1,0,0,0
-2.984235,0.744572,-4.562282,-1.988723,1.434008,0.369996,-2.211221,0,0,0,0
-3.727862,0.882749,-3.053466,-2.873604,1.380871,-0.464183,-2.644558,1,0,0,0
-2.960909,1.756374,-3.838576,-2.372037,1.665009,1.499442,-2.269004,0,0,0,0
-2.586379,1.675042,-2.494704,-1.700642,1.754690,1.322689,-2.530108,0,1,0,0
-1.056498,-1.351408,-0.578836,0.878822,0.304029,3.355984,-1.917579,0,0,0,0
-0.042299,-2.722060,0.272392,0.882777,-1.257376,2.297174,-0.854446,0,0,1,1
0.233356,-0.316379,0.274308,-0.047516,-0.700651,1.045659,1.354908,0,0,0,0
0.394272,-0.860258,0.176491,0.622032,0.327867,0.998530,0.737095,1,1,0,0
0.383890,-0.808841,0.365022,0.273969,0.114030,0.044558,0.913725,0,0,0,0
0.585036,-0.620181,0.375465,1.045669,1.058853,1.265746,0.538544,1,0,0,1
-0.119518,-0.015253,1.251592,0.559795,0.174082,-1.467909,1.398287,0,0,0,0
0.516489,-1.613246,0.708732,1.162772,0.188104,2.462059,0.417727,0,0,0,1
0.755842,-0.758705,0.281409,0.109514,0.450326,1.515866,0.054085,0,0,0,0
0.424358,0.293991,0.756812,0.125442,0.124823,-0.996344,0.407016,0,1,1,0
-0.096327,-0.304698,1.493479,0.197524,0.783794,-1.473997,1.345022,0,0,0,0
0.133184,0.148296,0.864990,0.144219,0.699888,0.566754,0.650182,0,1,0,0
0.838419,-0.266458,0.135244,-0.214224,-0.054197,1.334976,0.322756,0,0,0,0
0.368996,0.275830,0.697284,0.132262,0.222820,-0.461043,0.436649,1,0,0,1
0.078050,-0.209970,0.357956,0.266945,0.145397,-1.006775,1.242964,0,0,0,0
0.530478,0.263405,0.392443,0.971401,0.703010,-0.558468,0.640764,0,0,0,1
0.599533,-0.543822,0.302568,0.601787,0.453185,0.452430,0.154101,0,0,0,0
0.591504,-0.185867,0.686515,-0.378849,-0.651860,0.553636,0.242712,1,0,1,0
-0.049657,0.680000,0.607511,-0.494861,-0.504228,-1.398096,1.277494,0,0,0,0
0.410875,-0.184303,-0.135041,0.151556,0.841788,1.908496,0.517659,1,0,0,0
0.581270,0.090332,0.151813,0.116195,0.020354,-0.011892,0.102184,0,0,0,0
0.444556,0.305026,0.520132,-0.326523,0.174404,-0.193944,0.272357,0,1,1,0
-0.123141,0.140520,1.208345,-0.219237,-0.363183,-0.511795,1.175809,0,0,0,0
0.321602,0.331252,0.748076,0.050963,0.745671,1.232601,0.592582,0,0,1,0
0.539203,0.076817,-0.074417,0.523290,0.792493,0.606898,0.362233,0,0,0,0
0.394739,-0.121157,-0.000332,0.551424,0.765292,-1.090499,0.097193,1,0,0,1
-0.076472,0.320899,0.345037,0.437978,1.015175,-0.981697,1.367938,0,0,0,0
0.198869,0.039300,0.703834,0.578104,1.603124,0.258822,0.404686,0,1,0,0
0.643121,-0.505461,0.007189,0.142425,0.027938,0.328695,0.017628,0,0,1,0
0.229549,-0.221756,1.252362,-0.237948,-0.055152,-0.523526,0.990243,1,0,0,1
0.187625,0.240772,0.463228,-0.079145,0.216818,-1.193810,1.264193,0,0,0,0
0.400030,0.719266,0.382944,0.137070,1.129704,0.450784,0.441446,0,1,1,0
0.478949,0.111381,0.485542,-0.044395,0.138315,-0.257003,0.975321,0,0,0,0
0.378774,0.693556,0.705807,0.109200,0.797315,0.970812,0.614852,0,1,0,1
-0.081150,-0.115056,0.598657,0.405040,1.012215,-0.514911,1.214348,0,0,0,0
0.152818,-0.044124,0.633928,-0.078864,0.707407,-0.123993,0.702134,0,0,0,1
0.631150,-0.531998,0.402995,0.319149,1.382525,1.538228,0.313574,0,0,0,0
0.257018,0.391513,0.294733,0.230112,1.339973,0.883574,0.432774,1,0,1,0
0.029501,0.566217,0.644884,-0.218442,0.397942,-1.563835,1.288760,0,0,0,0
0.184233,-0.152034,0.781930,-0.070928,0.613313,1.432823,0.525519,1,0,0,0
0.577682,-0.035794,0.248584,0.819926,0.475261,0.688060,0.379285,0,0,0,0
0.503770,-1.170007,0.824351,1.398010,0.212046,-0.106735,0.308959,0,1,1,0
0.009831,-0.017020,0.576057,0.710430,0.078222,-1.165190,1.354061,0,0,0,0
0.411421,1.081177,0.566497,-0.028141,-0.348845,0.844820,0.433550,0,0,1,0
0.511021,0.115422,0.836857,0.422400,0.488829,-0.044615,0.201734,0,0,0,0
0.155257,0.049295,0.873199,0.482876,1.026791,0.332464,0.358472,0,1,0,1
0.077983,0.243406,0.706956,0.404130,-0.081595,-0.290845,1.288413,0,0,0,0
0.424721,0.096938,-0.043152,-0.040218,0.513820,0.326588,0.553611,0,1,0,0
0.645204,-0.105880,0.264087,0.159803,0.470685,-0.427312,0.309690,0,0,0,0
0.387356,-0.032571,0.744730,0.044967,0.972818,-0.214734,0.230271,0,0,1,1
-0.125546,0.688445,0.844912,-0.002429,0.251931,-1.336662,1.240127,0,0,0,0
0.142066,0.213877,0.843326,0.161795,0.769586,1.260161,0.549089,0,0,0,1
0.683323,0.839214,0.038087,0.057979,0.660879,1.224997,0.279198,0,0,0,0
0.240533,0.574284,0.599360,0.275125,0.968077,-0.469086,0.259844,1,0,1,0
-0.146190,-0.119961,1.102610,-0.274574,-0.023510,-1.202165,1.255427,0,0,0,0
0.197827,-0.157382,1.199629,0.130829,1.431382,0.982772,0.664159,1,0,0,0
0.558512,0.270277,-0.082633,0.352425,0.972869,-0.766383,0.318072,0,0,0,0
0.494280,-0.122842,0.531654,1.286890,1.094591,-0.309422,0.275584,0,1,0,1
0.125169,0.408607,0.770029,0.444845,0.781661,-0.629376,1.109342,0,0,0,0
0.178034,0.044979,0.822909,0.183040,0.625586,-0.385851,0.586580,1,0,1,0
0.438312,-1.062433,0.412815,0.522970,0.298287,0.312673,0.833263,0,0,0,0
0.127996,0.335367,1.154050,0.882675,0.557804,1.049090,0.623640,0,1,1,0
0.135763,0.016505,0.445095,-0.122106,-0.087812,-0.547380,1.186960,0,0,0,1
0.387698,0.199798,-0.269102,0.072747,0.409976,-1.244461,0.799800,1,0,0,0
1.017517,0.020272,-0.402146,-0.109610,0.213095,-0.926641,0.609820,0,1,0,0
1.064536,-0.390470,0.203875,0.177424,-0.173607,-0.826221,0.661887,0,0,1,1
0.034695,0.003818,0.548208,0.380048,-0.097224,-1.376624,1.231582,0,0,0,0
0.261686,-1.721847,1.295794,0.640717,1.686813,0.807289,0.691731,1,1,0,0
0.560735,-0.972005,0.166817,0.126143,0.052405,2.208444,0.824697,0,0,0,0
0.466441,-0.008770,0.451728,0.848738,1.379833,0.206613,0.256435,1,0,0,1
-0.030184,-0.215357,0.724760,0.275785,0.252257,-1.440675,1.356717,0,0,0,0
0.304685,0.058672,0.825104,0.212695,0.987236,1.057991,0.685313,0,0,0,1
0.805655,0.034188,0.415110,-0.535090,-0.409335,2.519612,0.294339,0,0,0,0
0.630233,0.016568,0.120019,0.280531,0.418634,-0.828200,0.191869,0,1,1,0
-0.251283,0.490628,1.064450,0.052226,0.252008,-1.378228,1.421876,0,0,0,0
0.226911,0.558279,1.067142,0.403039,0.807800,-0.327279,0.510539,0,1,0,0
0.702099,-0.676060,-0.081558,0.087748,0.174419,1.247985,0.155626,0,0,0,0
0.504509,-0.312397,0.385688,0.689150,0.208837,-0.150604,0.302957,0,0,1,1
0.131282,0.066707,0.755780,0.469834,0.199947,-0.535574,1.302079,0,0,0,0
0.443999,-0.499338,-0.104262,0.261393,0.436571,-0.415776,0.509138,0,0,1,0
0.762510,-0.441600,0.335703,-0.354288,-0.401690,1.522784,0.024383,0,0,0,0
0.588852,-0.466237,0.308752,0.479984,-0.138267,0.595785,0.220406,1,1,0,0
0.078008,0.558288,0.748255,0.257741,0.154176,-1.457721,1.280456,0,0,0,0
0.230622,0.734472,0.867565,0.506664,0.915837,2.091289,0.564523,1,0,0,0
0.627820,0.015427,0.283747,-0.090120,0.906561,0.644743,0.137718,0,0,0,0
0.440617,0.283767,0.388172,0.107126,0.831090,0.679674,0.222021,0,1,1,0
-0.010729,0.144964,0.933505,0.048110,0.427327,-1.620231,1.308929,0,0,0,0
0.148139,-0.587221,0.939345,0.178594,0.986999,0.294222,0.638813,0,0,1,0
0.572793,-0.270038,0.072292,0.482399,0.728205,1.237564,0.150946,0,0,0,0
0.481705,-0.269050,0.147162,0.054742,0.607201,-1.132690,-0.064512,1,0,0,1
-0.093662,0.167510,0.618214,0.474835,0.705253,-1.077453,1.224643,0,0,0,0
0.264933,0.269430,0.688915,0.670320,1.770398,0.043272,0.572248,0,1,0,0
0.803845,-0.838473,0.020998,0.382552,0.761221,0.098110,0.272413,0,0,1,0
0.130268,0.498547,0.740342,0.056687,-0.188164,-0.103420,1.114929,1,0,0,1
0.080497,0.222597,0.682483,-0.242541,-0.422127,0.870010,1.118727,0,0,0,0
0.161206,-0.188878,-0.158694,0.376533,1.706279,0.007285,0.638134,0,1,1,0
0.281422,-0.125604,0.137283,0.419621,0.695652,-0.697786,0.976540,0,0,0,0
0.259144,-0.222003,0.443885,0.181540,1.106027,0.814445,0.509250,0,1,0,1
0.093873,0.156518,0.421996,0.339118,0.143075,-1.351424,1.292131,0,0,0,0
0.398127,0.219338,0.264557,0.493667,0.226524,1.341685,0.411359,0,0,0,1
0.505325,-0.471459,0.314464,1.243241,1.208454,0.225379,0.427062,0,0,0,0
0.451278,-0.105457,0.432299,-0.177066,1.494963,0.870876,0.350406,1,0,1,0
0.021188,0.104422,0.623613,0.130224,0.747565,-0.733259,1.301519,0,0,0,0
0.282266,0.004391,1.241620,0.223248,0.807590,0.922062,0.564158,1,0,0,0
0.686535,-0.341226,0.597957,1.014192,0.740727,0.387344,0.348487,0,0,0,0
0.666335,-0.335886,0.305167,0.965381,0.585505,0.142263,0.347973,0,1,1,0
-0.008400,0.272057,0.680663,1.014033,1.071487,-1.721477,1.300688,0,0,0,0
0.080188,0.018871,0.647155,0.389131,1.454682,-0.066261,0.750846,0,0,1,0
0.708427,-0.902389,0.806164,0.829394,0.812591,0.317194,0.488648,0,0,0,0
0.183736,0.144714,0.998398,1.163021,1.852956,-0.550963,0.441486,0,1,0,1
0.142685,0.119685,0.435352,0.435445,0.190833,-1.560806,1.278381,0,0,0,0
0.333398,-0.315756,-0.395341,-0.197275,0.311251,0.876211,0.583226,0,1,0,0
0.689947,-0.454845,0.333835,0.033307,0.637454,0.774614,0.300493,0,0,0,0
0.436233,0.057664,0.050293,0.085908,1.527025,-0.684790,0.348614,1,0,0,1
-0.690913,0.885966,0.676113,-0.064671,-0.070696,-1.147142,0.945279,0,0,1,0
0.400713,0.092139,0.524709,0.652072,0.778388,3.687837,0.168920,0,1,0,0
0.426204,0.138923,0.317768,0.614781,0.923679,0.382749,0.171154,0,0,0,0
-0.019325,0.891195,0.442631,0.575562,0.246602,-1.274111,0.074091,1,0,0,1
-0.313072,1.075594,0.648077,1.295054,0.215205,-1.729271,0.903076,0,1,0,0
0.029408,0.285875,0.300471,0.686501,0.772639,1.541356,-0.181792,0,0,1,0
0.378053,0.372181,-0.217370,0.913250,0.660967,0.556248,0.090791,0,0,0,0
0.429005,0.402534,-0.212556,0.378837,-0.290402,0.178243,-0.217908,1,0,0,1
-0.427455,0.892475,0.397109,0.420912,0.788566,-2.096975,0.733280,0,0,0,0
0.012197,-0.488170,-0.280847,-0.374975,-0.470148,0.218514,-0.633660,1,0,0,0
0.533096,0.423038,-0.611171,-0.005724,-0.927481,0.276363,0.064359,0,0,0,0
0.242378,-0.035526,-1.293767,-0.271006,-1.089004,1.257929,-0.268029,0,0,1,0
0.140109,-0.358135,-1.049167,-1.371520,-2.529235,-1.555078,-0.833750,0,0,0,0
0.405855,0.323788,-0.466569,-0.985919,-2.316871,0.799586,-0.542432,0,0,1,0
0.327045,0.278233,-0.624705,-0.505200,-2.691171,-0.942943,-0.817691,0,0,0,0
0.487802,-1.117678,-1.347554,-0.731810,-2.274889,1.043190,-0.748020,1,0,0,1
0.111097,0.071240,0.039670,0.796226,0.583370,-0.981113,1.362683,0,0,0,0
0.442194,-1.109830,0.179056,0.571319,-0.604403,0.533851,-1.008488,0,0,0,0
0.196806,0.027364,-0.096096,1.091546,-1.269035,1.430270,-0.430470,0,0,0,0
-0.039639,0.572260,-0.133979,0.891499,-1.043941,-0.385954,-0.472590,0,1,1,1
0.650766,-0.413606,-0.010866,0.989563,-0.085209,-0.168074,0.659182,0,0,0,0
0.236613,-0.525977,-0.421935,0.217195,-0.828279,-0.547788,-0.849871,1,1,0,0
-0.075993,0.597798,-0.707429,0.561573,-0.074062,-0.551739,0.870927,0,0,0,0
-0.463101,0.955728,-0.243031,1.335614,0.304970,-0.839490,-0.945802,0,0,1,1
-0.119562,1.203062,-0.458461,0.173454,0.983433,-0.352606,0.626625,0,0,0,0
-0.275232,1.489034,-0.703457,0.523361,-1.191247,-0.476786,-1.042987,0,0,0,0
0.127572,-0.256468,0.586328,0.204139,0.254583,-0.779239,-0.378768,0,0,0,0
-0.008329,-0.119212,0.349610,1.174819,-1.639665,-0.269739,-0.476476,1,1,0,1
0.487511,0.129987,0.489582,1.433528,0.262767,-0.742019,0.588725,0,0,0,0
-0.149614,0.913932,-0.651680,0.326697,-0.353658,0.447354,-0.262048,1,0,1,0
-0.281853,1.308448,0.006580,0.874107,0.851500,-0.569272,0.459964,0,0,0,0
-0.258416,-2.103582,0.942494,0.389702,-1.538001,0.849269,-1.190512,0,1,0,1
-0.082833,0.873402,-0.074574,0.429705,0.216610,0.838499,1.252073,0,0,0,0
-0.802984,1.352335,-0.284266,1.242848,0.072772,-0.363924,-0.684698,1,0,1,0
0.020044,0.146944,-0.033154,-0.322260,0.390147,1.210784,-0.565980,0,0,0,0
-0.421587,1.614576,-1.013670,1.045728,0.107340,-0.267547,-0.895665,1,1,0,1
0.414313,-0.702486,0.090437,1.563223,-0.487625,-1.223521,0.543246,0,0,0,0
-0.293286,-0.760461,0.957071,0.386739,-0.002713,-0.774865,-1.193133,0,0,1,1
-0.212229,1.332780,-0.136357,-0.042549,1.263239,2.875537,0.599639,0,0,0,0
-0.492236,1.566592,-0.375184,0.294238,0.409181,-0.698596,-0.056911,1,1,0,0
-0.145233,0.983605,-0.177865,0.471497,0.740297,-0.117972,0.676136,0,0,0,0
-0.350608,-1.154032,1.169933,0.479914,0.968701,0.122612,-0.122584,0,0,1,1
-0.224267,1.258630,-0.730496,-0.070920,0.697969,0.124020,0.544662,0,0,0,0
-0.788034,1.206024,-1.361770,0.167734,0.546728,0.385907,-1.662173,1,1,1,0
0.408489,-0.849619,0.126693,1.286214,0.617855,-0.630939,0.267915,0,0,0,0
-0.036347,0.615575,0.588759,0.885136,0.939904,-0.316433,0.141649,0,0,0,0
-0.022352,-1.223183,0.539592,1.033181,0.492290,1.252120,0.110366,0,0,0,0
-0.495313,1.269560,0.153325,0.897677,0.944302,-0.080449,-0.227581,1,0,0,1
-0.337219,1.132150,-0.468249,0.309206,0.389515,0.501454,1.434520,0,0,0,0
-0.703543,1.905078,-0.985215,0.496787,0.529051,-0.467244,-0.647462,0,0,0,0
-0.068815,0.959307,-0.274594,0.207180,1.262966,4.807963,-0.406745,0,0,0,0
-0.459998,1.317635,-0.620727,0.680160,1.613415,0.674775,-0.834167,1,1,1,0
0.339591,-0.851076,0.460046,1.669762,0.883383,-0.617725,0.475448,0,0,0,0
-0.544817,0.785278,0.005160,0.882221,0.675261,-1.151679,-0.888490,0,1,0,1
-0.402689,0.716976,-0.747344,0.350012,0.399265,-1.196780,0.554811,0,0,0,0
-1.097945,1.885501,-0.337776,0.755115,0.882134,0.808964,-0.834396,1,0,1,0
-0.325760,1.032875,0.268923,1.149355,1.714098,-1.392153,1.290983,0,0,0,0
-0.907173,1.417317,0.247196,1.327173,0.835058,0.187772,-0.654056,0,0,0,0
-0.120545,0.100287,0.360554,1.110213,1.549370,1.129698,-0.590336,0,0,0,0
-1.061693,2.140952,0.148549,1.079376,1.100192,-0.473322,-0.743523,0,1,1,1
0.493281,-0.752542,0.074698,0.565092,-0.862298,0.517665,0.297305,0,0,0,0
-0.363509,0.159516,-0.716103,0.760369,0.772060,-1.550525,-0.390477,1,0,0,1
-0.433439,0.248603,-0.363264,0.304189,0.428146,-0.863342,0.783476,0,0,0,0
-1.079971,1.416541,0.147301,0.722058,0.251094,-0.788567,-1.339258,0,1,1,0
-0.729111,1.771853,0.180622,0.241699,0.375422,-0.278542,1.196220,0,0,0,0
-1.158243,1.763726,-1.281756,-0.003232,0.172540,-0.321067,-1.513162,0,0,0,0
-1.136151,2.375702,-1.378903,0.497439,0.452382,0.144525,-1.665110,0,0,0,0
-1.441358,1.785813,-0.612351,0.788537,-0.203120,0.246806,-1.937277,0,0,0,0
-1.301800,0.946108,-0.884397,-0.358694,0.734353,0.364888,-2.189137,0,0,0,0
-1.627245,1.238544,-2.071699,-0.114776,-0.670250,-0.652533,-2.209519,0,1,0,1
-0.943302,0.818265,-0.614489,0.672618,1.466455,-1.587134,0.552151,0,0,0,0
-1.218142,1.044636,-1.604259,0.380311,-0.303900,-0.053602,-2.102434,0,0,0,0
-1.267469,1.800469,-1.658666,1.351222,0.962342,2.007127,-1.571798,0,0,0,0
-1.124699,0.802762,-1.196255,0.662681,-0.391921,-0.468731,-1.596439,0,0,1,1
-0.595877,0.879616,-0.623033,0.774893,0.804251,0.008442,0.012417,0,0,0,0
-0.896057,-0.225899,-0.918095,0.427668,-1.222942,0.640731,-1.821365,1,1,0,0
0.101081,-1.547917,0.638572,0.772808,-1.064945,-0.702311,-0.126225,0,0,0,0
-0.152072,-0.655118,0.100035,0.632211,-0.743248,-1.050178,-1.303750,1,1,0,0
0.478192,-1.527963,0.210199,1.048615,-0.891964,0.138086,0.190032,0,0,0,0
0.380924,-0.682223,0.529992,0.846303,-0.583094,2.591704,0.607972,1,0,1,1
-0.208781,-0.194270,-0.540147,0.787417,1.315811,-0.100711,1.406461,0,0,0,0
-0.018821,-0.277032,-0.195680,1.330332,-1.297657,0.276294,-0.832860,0,0,0,0
0.442959,-0.533286,-0.183000,0.793144,-0.226879,2.064194,-0.309766,0,0,0,0
0.008590,-0.919168,0.188051,0.489087,0.039329,-1.215218,-0.326329,1,1,0,1
0.515352,-0.873016,0.164731,1.007864,-0.171142,-1.320428,0.204182,0,0,0,0
-0.218502,0.691730,-0.049161,1.713408,-0.464091,0.582064,-0.178903,0,0,1,1
-0.063593,0.783124,-0.506206,0.669734,0.232506,-0.237113,0.931180,0,0,0,0
-0.067515,1.691027,-1.370299,0.246752,-0.364890,-0.255375,-0.859898,1,1,0,0
-0.303812,0.520632,0.106792,0.638023,0.866021,-0.694289,0.539053,0,0,0,0
-0.123991,1.335774,-0.219257,0.918287,0.037745,-0.415746,-0.564618,0,0,1,1
0.172932,0.503112,0.576542,0.678667,1.510690,-0.905322,0.303562,0,0,0,0
-0.718241,2.331717,-0.748677,0.585805,0.142060,-0.706431,-0.515988,1,1,1,0
0.589398,-0.035972,0.434301,0.626315,-1.018433,-0.333599,0.632053,0,0,0,0
-0.392871,1.382883,-0.382421,0.811033,-0.303345,-0.953586,-0.601682,1,0,0,1
-0.376273,1.625067,-0.104586,0.034296,-0.234989,-1.312536,0.357250,0,0,0,0
-0.305156,-0.761372,0.981298,-0.329464,0.018278,-0.032864,-1.245010,0,1,1,0
-0.152157,0.855509,-0.627340,0.308584,0.409460,0.580614,0.860578,0,0,0,0
-0.271367,1.334844,-1.254403,0.240798,-1.272574,0.558916,-1.297095,1,0,0,1
-0.078989,1.769854,-0.450181,0.055251,0.187876,0.096374,0.210819,0,0,0,0
-0.744287,2.360872,-0.390244,0.455417,-0.235231,-0.381548,-0.702360,1,1,1,0
0.615933,-0.344126,-0.011697,0.410884,-0.946867,-0.609304,0.167634,0,0,0,0
-0.327941,1.469849,-0.432059,0.505173,-0.527495,-0.487393,-0.804924,0,0,0,1
0.081817,0.256934,-0.431666,0.071185,0.821284,0.825632,0.675636,0,0,1,0
-0.226250,1.777215,-0.602253,0.646047,0.672567,-0.743729,-0.229424,1,1,0,0
-0.257395,-0.204318,0.444123,0.869215,0.055974,-0.642157,1.037423,0,0,0,0
-0.299627,1.438553,-0.560497,0.373681,-0.026167,0.763834,-1.047397,0,0,1,1
-0.309825,1.384308,-0.743467,0.257710,0.341312,-0.908468,-0.578576,0,0,0,0
-0.133822,0.807670,0.157025,-0.690837,-0.022285,-0.186280,-1.242654,1,1,0,1
0.495891,-0.626680,0.017788,1.330254,0.645909,-0.514712,0.368181,0,0,0,0
0.084335,-0.510866,0.644157,0.406669,1.139371,0.559815,-0.341787,0,0,0,0
0.205477,-0.259823,0.367723,0.492243,0.131738,0.486342,-0.323010,0,0,0,0
-0.559830,1.968149,-0.182017,0.120900,0.972959,-0.529538,-0.757875,0,1,1,0
0.226995,0.896689,-0.636297,0.321260,-1.196349,0.823426,0.913390,0,0,0,0
-0.209518,0.790772,-0.291463,-0.392228,0.725414,-1.203545,-0.518418,0,0,0,0
-0.105310,1.340380,-0.732022,0.317854,0.483048,-0.183645,-0.483551,0,0,0,0
-0.044856,-0.429425,0.388319,1.259505,-0.559533,-0.027782,-0.463337,1,1,1,0
0.523139,-0.687163,0.132092,1.539926,0.192530,0.136622,0.173210,0,0,0,0
0.062745,-0.030099,-0.220458,0.737631,0.606715,-0.701991,-0.755835,1,0,0,1
-0.093391,0.835906,-0.967123,0.546178,1.069775,-0.190480,0.931104,0,0,0,0
-0.511157,0.888114,-0.550881,1.038181,0.263492,-0.442233,-1.383041,0,1,1,0
-0.058855,0.628083,0.082708,1.197997,0.592842,-0.758239,0.578082,0,0,0,0
-0.262261,1.293239,-1.072264,1.278357,-0.312089,-0.780001,-0.391003,0,0,0,0
0.208420,-0.019528,0.095817,-0.103913,0.226864,-0.489429,-0.494307,0,0,0,0
-0.149266,-0.066559,-0.092383,0.210354,0.812546,-0.835723,-1.224776,1,0,1,1
0.581026,-0.319537,-0.044110,0.845189,-0.782557,-0.784220,0.218024,0,0,0,0
0.017963,-0.729252,0.571160,0.601905,0.144925,-0.457965,-0.801249,0,1,0,1
-0.230837,0.854595,-0.290762,1.302865,1.102825,-0.658600,0.711323,0,0,0,0
-0.735735,1.935802,-0.466489,1.248976,0.827874,-0.432130,-1.331367,1,0,1,0
-0.215411,0.976715,-0.311946,0.534530,0.467760,1.494386,1.283226,0,0,0,0
-0.204898,1.442516,-0.858837,0.626681,0.093789,-0.065912,-0.714011,0,1,0,1
0.058187,0.206403,-0.057479,0.139970,1.214179,0.514081,-0.322254,0,0,0,0
-0.537776,0.922550,-0.150587,0.509740,1.685341,-0.106627,-0.714999,1,0,1,1
0.520574,-0.170373,0.601635,0.992221,-0.491331,-1.235890,0.271294,0,0,0,0
0.193426,-0.711253,1.021945,0.628526,0.322450,-0.426417,-0.300308,0,1,0,0
-0.060876,1.106817,-0.162619,0.989534,1.107679,-1.093504,0.785182,0,0,1,0
-0.725917,1.561972,-0.753534,0.718085,1.003290,-0.736610,-1.134435,1,0,0,1
0.063931,0.780129,-0.535106,0.579884,-0.306264,1.844344,0.571396,0,0,0,0
-0.206144,1.076166,-1.118149,0.094006,-0.345554,-0.015742,-0.341708,0,1,1,0
-0.213061,0.564436,-0.948075,0.312627,0.297525,0.552513,0.044110,0,0,0,0
0.071826,1.542811,-0.833511,0.646113,-0.372210,0.690492,-0.586587,1,1,0,1
0.673650,-0.163972,-0.246794,0.672679,-1.045137,-1.772064,-0.000381,0,0,0,0
0.285555,0.355509,-0.858470,0.380259,-0.514705,0.430692,-0.938541,0,0,1,1
0.394954,-0.553168,0.142158,0.260367,-0.542270,-0.069569,-0.615430,0,0,0,0
0.028247,-0.068327,-0.117817,0.572076,0.167808,0.804676,-0.511868,1,1,1,0
-0.070614,-0.558677,0.458691,0.824355,1.153489,0.194774,1.747453,0,0,0,0
0.263531,-0.446474,-0.357443,0.977593,-0.308362,0.188547,0.233428,0,0,0,0
0.397725,-0.165361,-0.324985,0.386927,-0.158380,0.121266,0.342763,0,0,0,0
0.062072,0.912604,-0.287462,1.123763,0.636326,-0.083412,-0.123809,0,1,1,1
0.528528,-1.346774,-0.168776,0.253008,-0.505232,-0.436974,0.371562,0,0,0,0
0.258477,-0.116657,0.388128,0.481378,-0.044369,-0.362435,-0.191458,1,0,0,1
0.056454,1.233634,-0.433098,0.268966,-0.073128,-1.284104,0.782306,0,0,0,0
-0.467988,1.715525,-0.421819,0.669332,-0.005055,-0.449843,-0.763648,0,1,1,0
0.020739,-0.177614,-0.071217,0.072564,0.376582,-0.788351,0.825424,0,0,0,0
0.149017,0.144558,-0.848994,0.309804,-0.626701,0.655464,-0.590062,0,0,0,0
0.194140,0.178270,0.422507,-0.133470,-0.398410,0.022339,-0.715865,0,0,0,0
-0.131619,0.734667,-0.029917,0.032606,-0.196958,-0.106342,-1.094717,1,0,1,1
0.549586,-1.380869,0.300737,1.268974,-0.418055,-1.335574,0.204164,0,0,0,0
0.332158,0.549893,-0.393914,0.336278,-0.428544,-0.666717,-0.644137,0,1,1,0
0.149688,1.140934,-0.502263,0.191425,-0.461560,0.453975,0.601255,0,0,0,0
-0.291199,1.635127,-0.226415,0.346371,-0.812924,-0.149536,-0.661731,1,0,0,1
0.143548,-0.474282,0.693201,0.665682,0.769207,1.891665,1.177842,0,0,0,0
-0.165914,-0.193631,0.176443,0.627277,-0.008277,-0.850837,-1.066734,0,1,1,0
-0.007287,-0.210156,-0.073705,0.499573,0.848351,-0.314765,-0.370460,0,0,0,0
-0.551996,1.348110,-0.636379,0.453875,-0.008491,-0.997688,-1.238138,1,1,0,1
0.520948,-0.960026,0.404114,0.930362,-0.157499,-0.783701,0.360253,0,0,0,0
0.111913,0.713546,-0.400124,0.446700,-0.587966,0.072264,0.008579,0,0,1,0
-0.124159,1.679756,0.042097,-0.009663,-0.380083,-1.362957,0.594743,0,1,0,0
-0.486633,1.958924,-0.623004,0.352954,0.372941,-0.140986,-0.369511,1,0,0,1
0.276234,-0.577682,-0.586985,-0.252617,0.142283,-0.078662,0.388579,0,0,0,0
0.288082,0.610479,-0.761817,0.020931,-0.016608,0.985422,-0.578332,0,1,1,0
0.318838,0.265837,0.071179,0.377171,-0.399236,2.144257,-0.283458,0,0,0,0
0.006415,0.503099,-0.361355,-0.029712,1.345932,-1.219973,-0.352393,1,0,1,1
0.555355,-1.017804,-0.323820,0.509466,0.161715,-1.625258,0.271509,0,0,0,0
0.008683,0.771201,-0.421117,0.594667,-0.190396,-0.329133,-0.199618,0,1,0,0
0.342947,-0.055404,-0.032778,0.492843,-0.426852,-0.239432,-0.014715,0,0,1,0
-0.026704,0.898773,-0.557212,0.754920,-0.449040,0.628479,-0.248576,1,0,0,1
0.116233,-0.250590,0.393435,0.120124,0.704487,-1.089510,0.961242,0,0,0,0
0.176185,-1.244565,0.026020,0.898145,0.634910,-1.299641,-0.153815,0,0,0,0
0.097714,-0.200236,-0.061543,0.006246,-0.035052,-0.787914,-0.149735,0,0,0,0
-0.348582,1.613559,-0.185730,0.917598,0.381213,0.762272,-0.482025,0,1,1,1
0.604351,-0.725926,0.163687,0.829246,-0.207832,-0.675101,0.325838,0,0,0,0
0.110431,0.555997,-0.243942,0.743109,-0.588918,-0.502599,-0.513617,1,1,0,0
-0.245015,0.769901,0.081311,0.249137,-0.563955,-1.140227,0.918398,0,0,0,0
-0.300185,1.860065,-0.299613,0.999229,0.449817,0.400393,-0.401001,0,0,1,1
0.289990,-0.929532,0.352349,0.526478,0.254288,1.556520,0.611620,0,0,0,0
0.185650,0.485367,-0.767434,0.221206,-0.305847,-0.380008,-0.592456,1,1,0,0
0.023984,0.288200,0.063989,0.046229,0.502723,-0.186265,-0.755734,0,0,0,0
-0.412632,1.362847,-0.681168,0.747628,0.508955,1.048473,-0.991716,1,0,1,1
0.484766,-0.988080,0.478302,1.061531,-0.467189,-0.609378,0.052304,0,0,0,0
-0.218695,-0.728594,-0.081980,0.950823,0.622659,0.137115,-0.524985,0,1,0,1
0.010127,0.894212,-0.177382,1.158734,0.477855,-0.276387,0.793583,0,0,0,0
-0.174957,1.352824,-0.827478,1.292432,0.673304,0.463789,-0.003896,1,0,1,0
-0.186739,-0.125237,0.688376,0.777681,0.523980,-0.656170,0.888281,0,0,0,0
-0.103034,0.316270,0.021720,0.570148,0.237829,0.175736,-0.498985,0,1,0,1
0.231817,0.461798,0.092391,1.180887,-1.473315,-0.281987,0.389528,0,0,0,0
-0.310810,1.320850,0.036525,1.205957,0.478213,0.188990,-0.691576,1,0,1,1
0.651437,-0.952506,-0.203924,0.476098,-0.324503,-0.928476,0.114829,0,0,0,0
0.339652,0.413997,-0.828262,0.321775,-0.363119,0.066095,-0.725999,0,1,0,0
0.054966,0.789144,0.366858,0.671928,0.538200,-1.697972,0.552549,0,0,1,0
-0.167299,0.770705,0.038787,1.119509,0.159886,-0.432089,-0.253030,1,0,0,1
0.358402,0.182102,-0.087657,1.088904,0.059841,0.672498,0.088571,0,0,0,0
0.067032,0.724517,-0.666978,1.454350,0.426115,0.080613,-0.379455,1,0,0,0
0.160433,0.395555,-0.638038,1.046839,0.125501,0.687087,-0.524636,0,0,0,0
0.009763,1.432503,-0.128082,0.689051,0.236728,-1.173564,-0.962796,0,0,1,0
-0.044607,0.645013,-0.840129,0.413825,0.083857,-1.133735,-0.723361,0,0,0,0
0.021882,1.092557,-0.214408,0.887051,0.039383,0.723452,-0.437413,0,0,1,0
0.264602,-0.689250,-0.215756,0.314725,-0.101996,0.084516,-0.341919,0,0,0,0
-0.009607,-1.171383,0.332025,0.015410,0.782590,0.274623,1.560592,1,1,0,1
0.522103,-1.503208,0.708906,0.110982,0.593278,-0.665014,0.230788,0,0,0,0
0.462955,-1.012390,0.454718,1.011498,-0.123523,0.171943,-0.341973,0,0,0,0
0.335563,-0.503523,-0.147430,0.540340,-0.970933,-1.385790,-0.631806,0,0,0,0
0.014485,0.262926,-0.389740,1.381690,0.066425,-0.042517,-0.955658,1,0,0,1
0.528772,-1.798155,0.795976,0.622025,0.060819,-1.483147,0.006987,0,0,0,0
0.211478,-0.735170,0.727376,1.015422,0.061536,0.199171,-0.634584,0,0,0,0
0.192591,-0.621406,0.515992,0.801071,0.238955,0.610757,-0.932871,0,0,0,0
0.018350,0.716479,-0.107392,1.560719,-0.431513,1.752305,-0.730051,0,1,1,1
0.628596,-1.344585,0.163190,0.024641,0.625381,-0.761203,0.340290,0,0,0,0
0.308468,-0.833252,0.289444,-0.041130,0.047864,-0.601341,-0.756528,0,0,0,0
0.220746,-0.471157,-0.310003,0.684243,-0.119615,0.136342,-0.993469,0,0,0,0
-0.419476,1.013356,0.003276,1.463919,1.122766,-0.605794,-0.165788,0,1,1,0
0.732761,-0.794800,0.782674,-0.065447,-0.292197,-0.918957,-0.011932,0,0,0,0
0.403976,-1.092998,0.074066,-0.251197,-0.810130,0.249697,-0.788421,0,0,0,0
0.263065,-0.199735,-0.120909,0.056889,-0.460021,-0.068212,-0.840868,0,0,0,0
-0.559021,0.944966,0.186701,0.672829,-0.130137,0.080290,-1.377474,1,1,0,1
0.535625,-1.252588,0.650361,-0.316417,-0.956234,-0.697624,0.280077,0,0,0,0
0.339636,-1.830685,0.635966,0.457238,-1.430708,-0.296765,-1.197478,0,0,0,0
0.206678,-0.366839,-0.019102,0.604401,0.279716,0.543262,-1.073345,0,0,0,0
-0.499981,1.120058,-0.177691,0.114241,-0.729955,-1.171872,-1.248325,0,1,0,1
0.475025,-1.696495,0.798444,0.672370,0.556907,-0.505074,-0.136147,0,0,0,0
-0.114973,-1.723211,0.088968,-0.396174,-0.742569,-0.169503,-1.225478,0,0,0,0
0.084701,-1.532964,-0.040663,-0.783975,-2.153335,0.483427,-1.081914,0,0,0,0
-0.569691,0.138776,-0.386474,-0.143941,-1.803108,-0.452379,-1.187915,1,1,1,0
0.472128,-1.109910,1.050053,0.537472,0.006451,-1.126034,-0.391644,0,0,0,0
0.294178,-0.886046,-0.465397,-1.024423,-2.014419,0.632875,-1.065354,0,0,0,0
0.172773,-0.960357,-0.119645,-0.596857,-1.013110,0.086898,-1.265557,0,0,0,0
-0.216171,-1.415680,0.306960,-0.252978,-1.407970,-0.248703,-1.481735,1,0,1,0
0.436059,-1.666260,0.413092,0.579505,-0.062076,-0.920100,-0.541979,0,0,0,0
0.070272,-2.257470,-0.803378,-0.885706,-2.180974,-0.595189,-1.013277,0,0,0,0
-0.009941,-1.858842,-0.693290,-0.584968,-1.308616,-0.389913,-1.116773,0,0,0,0
-0.477449,-2.037726,-1.822156,-0.998292,-3.011759,0.899566,-1.573182,1,1,0,1
0.401463,-2.491708,-0.100344,-0.250715,-0.575254,-1.072398,-0.922632,0,0,0,0
0.259958,-1.620870,-0.895208,-1.175038,-2.044519,0.149937,-1.188067,0,1,0,1
0.487659,-1.246224,0.060329,-0.254046,-1.226310,-0.387227,-0.657069,0,0,0,0
0.475585,-1.870440,-1.309604,-1.242303,-1.983127,1.514501,-1.195215,1,0,1,1
0.632512,-1.589929,-0.407697,-0.906053,-1.912363,-0.516578,-1.001121,0,0,0,0
-0.007744,-3.475883,-0.958375,-1.311597,-3.398341,0.372569,-1.819421,1,0,1,0
0.158676,-2.032280,0.287092,-0.521287,-1.363457,-2.098936,-1.187983,0,0,0,0
0.035417,-1.581022,-0.915444,-0.816096,-1.880401,0.045382,-1.277138,0,1,1,1
0.330155,-2.169738,-0.874047,-1.885849,-2.768468,-1.368074,-1.187911,0,0,0,0
0.150110,-1.568203,-1.115488,-1.696984,-2.701696,-0.938560,-1.459747,0,0,1,1
0.317820,-2.035182,-0.678737,-1.185248,-2.145894,1.292661,-0.889492,0,0,0,0
-0.165575,-3.046295,-1.083273,-2.183720,-4.021648,-0.735759,-1.536111,1,1,0,1
0.395294,-2.192151,-0.863660,-1.592066,-3.126259,1.964332,-0.843946,0,0,0,0
0.054292,-2.266647,-1.130634,-0.969203,-2.711831,-0.427449,-1.209396,1,1,0,0
0.060997,-3.208060,-1.083739,-1.546423,-3.365595,-1.397887,-1.272816,0,0,0,0
-0.318047,-2.774279,-1.238449,-1.897101,-3.558930,0.533553,-1.475587,0,0,1,1
0.262124,-2.526043,-1.360706,-1.924418,-3.409190,1.330890,-1.124381,0,1,0,0
0.268144,-2.899081,-1.723914,-2.204957,-3.079164,-1.709893,-1.036121,1,0,0,1
0.004058,-2.914271,-0.908402,-1.786772,-2.899695,-2.199363,-1.530829,0,0,1,0
-0.106828,-2.769731,-1.103621,-2.041448,-3.137968,0.394991,-1.322011,1,1,0,0
0.030111,-3.313663,-1.765477,-2.412279,-3.672699,-0.626663,-1.273880,0,0,0,1
-0.428380,-3.485261,-1.348576,-2.172138,-3.318139,-1.384532,-1.790423,0,1,1,0
-0.013148,-2.833581,-2.044619,-2.403088,-3.349666,-0.392788,-1.134914,1,0,0,0
-0.367567,-3.320674,-2.096972,-2.513076,-3.189558,1.005966,-1.054461,0,0,0,1
0.040097,-3.031418,-1.950637,-2.586429,-3.346290,-1.399818,-1.528492,0,0,0,0
-0.143529,-2.550281,-2.432853,-2.358488,-3.120563,-0.630791,-1.271987,0,1,0,0
-0.221342,-1.938042,-2.511250,-1.848920,-2.707491,1.064000,-1.547768,0,0,0,0
-0.269642,-1.384888,-2.476059,-1.858826,-2.197676,-0.654332,-1.656241,0,0,1,0
-0.246250,-0.123364,-1.483930,-0.286682,-1.310911,-0.426593,-1.018045,0,0,0,0
-0.066525,0.500523,-0.727096,0.687338,-0.504224,1.392953,-0.987380,0,1,0,0
0.140763,-0.902346,-0.473746,0.604505,-0.356747,0.312361,-0.423340,0,0,0,0
0.769508,-1.372331,0.573205,-0.001902,-0.710344,1.161658,-0.265455,1,0,0,1
0.288632,-0.863474,0.392372,-0.036766,-0.443684,-0.620075,1.242555,0,0,0,0
0.631723,0.110911,0.386555,0.547231,0.565768,0.458962,0.432862,0,1,1,0
0.441661,-0.269972,0.334275,0.465515,0.483232,-0.876953,0.842261,0,0,0,0
0.714140,-1.016678,0.204206,0.670207,1.294479,0.818354,0.485421,0,1,0,1
-0.047261,-0.055739,0.599304,-0.267890,-0.616357,0.236916,1.374072,0,0,0,0
0.511582,-1.200897,0.857528,1.591553,0.336395,2.076964,0.462174,0,0,0,1
0.761575,0.038996,0.067570,-0.395524,0.358081,0.118638,0.260543,0,0,0,0
0.409818,-0.053150,0.726186,0.160087,0.075313,-0.912130,0.095068,1,0,1,0
-0.045197,0.384157,1.071483,-0.139615,-0.219641,-1.173160,1.358843,0,0,0,0
0.158868,-0.318054,0.998035,0.673764,0.885128,1.375548,0.688726,1,0,0,0
0.791492,-0.568018,0.168939,-0.479592,-0.302039,1.942415,0.107012,0,0,0,0
0.383734,0.173809,0.891354,0.360022,0.270456,0.588028,0.653176,0,1,1,0
0.072006,0.259460,0.689934,0.607681,1.081893,-1.411397,1.147617,0,0,0,0
0.412394,0.083579,0.498244,0.490783,0.537508,0.030450,0.528417,0,0,1,0
0.670691,-0.574867,0.573523,0.443052,0.378700,-0.254032,0.238660,0,0,0,0
0.482384,0.057946,0.843494,0.185305,0.549998,-0.828172,0.309674,0,1,0,1
-0.052613,0.597521,0.795866,-0.136381,0.023597,0.165204,1.163811,0,0,0,0
0.304804,0.145868,0.186891,0.211583,0.434493,0.539764,0.721757,0,1,0,0
0.633069,-0.000290,-0.127672,0.190495,0.471074,0.089305,0.164865,0,0,0,0
0.407524,0.051797,0.960686,0.314730,0.339796,0.086139,0.209956,1,0,0,1
-0.122438,-0.109765,1.335144,-0.001023,0.623305,-1.776198,1.340125,0,0,0,0
0.227925,0.016240,1.115143,0.690177,0.994994,1.237618,0.557050,0,0,0,1
0.545412,-0.286951,0.117875,0.648897,1.078790,-0.340784,0.153591,0,0,0,0
0.566324,0.055094,0.194510,0.282845,1.002337,0.039371,0.229839,0,1,1,0
-0.065371,0.528303,0.404230,-0.037539,1.064879,-0.935128,1.330151,0,0,0,0
0.269684,0.257926,0.450947,0.182432,0.517692,0.240633,0.453850,1,0,0,0
0.579668,-0.563612,0.083475,0.330385,-0.047997,1.269733,-0.004839,0,1,0,0
0.262052,-0.394230,1.121447,-0.000976,0.495920,-0.795408,1.043596,0,0,1,1
0.182256,0.744420,0.632033,-0.314061,0.649405,0.381219,1.120870,0,0,0,0
0.484810,0.208794,-0.036140,-0.363943,0.036523,1.737818,0.779255,1,1,0,0
0.455526,-0.739007,0.665555,-0.189673,-0.416061,1.731049,0.911311,0,0,0,0
0.311402,1.079483,1.090726,0.094266,0.705619,-0.512935,0.494498,1,0,0,1
0.044243,0.068853,0.559490,0.479048,0.864645,-1.457509,1.253991,0,0,0,0
0.181472,0.698070,0.721025,0.272672,0.843738,0.281542,0.676871,0,0,0,1
0.483906,-0.274573,0.347313,0.391195,0.579485,0.426531,0.203262,0,0,0,0
0.378253,-0.140663,0.728290,-0.011403,1.059992,0.555699,0.253547,0,1,1,0
-0.067063,0.417935,1.169426,-0.040463,-0.178648,-1.630741,1.317738,0,0,0,0
0.170249,-0.267764,0.935676,0.038882,1.100195,1.009325,0.671607,0,1,0,0
0.570425,-0.159972,0.100952,1.321019,0.680525,-0.140789,0.274860,0,0,0,0
0.603221,-0.453759,0.950158,0.794036,-0.886689,-0.571468,0.195852,1,0,1,0
-0.026300,0.226063,1.019465,1.215612,1.134962,-1.630499,1.294696,0,0,0,0
0.234635,0.344196,0.066685,0.140542,0.423865,0.760575,0.481187,0,0,1,0
0.563274,-0.026456,0.934717,0.509664,0.699113,1.731118,0.474912,0,0,0,0
0.351396,0.461390,0.994810,0.179458,1.029527,0.531992,0.588028,0,1,0,1
0.132434,0.727433,0.693293,0.163064,0.456669,-1.102301,1.055025,0,0,0,0
0.546939,0.238953,-0.188490,-0.096527,0.670098,1.939441,0.453508,0,1,0,0
0.717184,-0.276662,0.217284,0.321616,0.629240,-0.421176,0.421859,0,0,0,0
0.408739,-0.082087,0.543651,0.284342,1.197497,-0.918506,0.321663,1,0,0,1
-0.125983,0.756193,0.933272,-0.049960,0.305838,-1.332747,1.241252,0,0,0,0
0.058470,-0.057221,0.521657,0.339761,0.931532,0.830788,0.606832,0,0,0,1
0.954556,-0.145519,0.453972,0.090240,-0.161446,1.337879,0.359983,0,0,0,0
0.292899,0.686959,0.767430,0.373566,0.429599,-0.744331,0.208843,1,0,1,0
-0.201280,-0.390346,1.030415,-0.014539,0.140588,-1.617195,1.294760,0,0,0,0
0.152395,0.132096,1.383018,0.504046,1.091701,1.131400,0.637348,1,0,0,0
0.587681,-0.155652,0.348024,0.609233,0.993816,-0.017123,0.253126,0,0,0,0
0.614380,0.176054,0.175205,0.458003,0.955213,0.291589,0.262686,0,1,0,1
0.068447,0.329983,0.708892,0.177199,0.228693,-0.819639,1.225502,0,0,0,0
0.304619,0.454657,0.356064,-0.043486,1.273972,1.448476,0.522722,1,0,1,0
0.339869,0.056466,0.254944,0.219000,0.793866,0.483204,0.755393,0,0,0,0
0.243635,0.297109,0.137445,-0.486093,0.485778,0.064316,0.419858,1,0,0,1
0.277035,0.571199,0.594461,0.213225,0.114286,0.452962,1.091278,0,0,1,0
0.297438,-0.182685,0.022140,-0.085253,0.323313,-0.877966,0.876592,0,1,0,0
1.122523,-0.039388,-0.192220,-0.373914,-0.164648,0.084945,0.417408,1,0,0,0
0.706242,-0.488223,0.158306,-0.169250,-0.322801,1.030332,0.500956,0,0,1,1
0.118456,-0.139943,0.389727,0.687306,0.605702,-1.056435,1.084547,0,0,0,0
0.424282,-0.645908,0.650062,0.056049,1.321394,0.857431,0.328216,1,1,0,0
0.571082,-0.599992,0.203835,0.137906,0.361054,0.239657,0.765906,0,0,0,0
0.654763,-0.281087,0.100374,0.299411,0.336338,0.432409,0.527956,0,1,1,0
-0.068376,-0.041906,0.979716,0.057108,0.625027,-1.329529,1.382476,0,0,0,0
0.352726,-0.428080,0.641715,-0.081178,1.096744,-0.140784,0.613921,0,0,1,0
0.745201,-0.117806,0.313375,-0.082596,-0.404169,2.539803,0.215948,0,0,0,0
0.604235,0.385755,-0.053420,-0.043771,-0.136443,-1.023373,0.076019,1,0,0,1
-0.266498,0.170478,0.896260,-0.235277,0.209790,-0.885398,1.532580,0,0,0,0
0.215400,0.791301,0.994512,0.233994,1.280892,1.496829,0.572647,1,0,0,0
0.737875,-0.658120,0.586541,0.124390,-0.030396,-0.337100,0.114942,0,0,0,0
0.492000,-0.309603,0.080938,0.397033,0.406574,0.077941,0.114674,0,1,0,1
0.114486,0.239056,0.355311,0.019500,-0.297592,-0.915705,1.216981,0,0,0,0
0.430289,-0.052419,0.332725,-0.035329,0.367904,0.896003,0.337401,0,0,0,1
0.734569,0.056375,0.240005,0.059076,-0.293585,-0.022703,0.183812,0,0,0,0
0.493449,-0.017536,0.775190,0.659353,0.299682,0.390288,0.344586,0,1,1,0
0.176691,0.417019,0.591312,0.292944,0.055662,-1.489474,1.354170,0,0,0,0
0.240557,0.934162,0.583526,0.242562,-0.153679,0.902068,0.725225,0,1,0,0
0.730842,-0.719216,0.207529,0.076073,0.395857,1.318903,0.124018,0,0,0,0
0.506805,0.152701,0.630986,-0.029563,0.534392,0.167780,0.203613,1,0,1,0
0.016289,-0.038885,0.759175,0.221081,0.458229,-1.808502,1.265967,0,0,0,0
0.309005,-0.388290,0.813244,0.601334,1.267583,0.749372,0.503900,0,0,1,0
0.646830,-0.734570,-0.166631,0.546503,1.068125,0.095950,0.105262,0,0,0,0
0.392171,-0.346494,0.433781,0.565098,1.004527,0.467698,0.167174,0,1,0,1
-0.017089,0.316194,0.556757,0.155849,-0.017100,-0.673272,1.355549,0,0,0,0
0.080448,-0.002460,0.702679,0.426276,1.324091,0.353510,0.683888,0,0,1,0
0.809578,-0.608778,-0.133526,0.339938,0.414362,0.216981,0.329028,0,1,0,0
0.121186,0.645849,0.592989,0.402921,0.869553,-0.337189,0.964220,1,0,0,1
0.122157,0.508426,0.739373,0.174372,0.327126,-1.264492,1.099586,0,0,0,0
0.344282,-0.474298,-0.286732,-0.231880,0.839840,0.361264,0.451572,0,1,1,0
0.358499,-0.352541,0.036277,-0.070428,0.115249,-1.308568,1.014953,0,0,0,0
0.424962,-0.136516,0.358996,0.653898,1.055659,0.749432,0.581631,1,0,1,0
0.069092,0.282402,0.644391,0.357421,0.356076,3.168728,1.084460,0,0,0,0
0.362957,0.068486,-0.147678,0.540785,0.907039,0.278737,0.522995,1,0,0,0
0.578515,-0.645823,0.565083,0.658437,0.606501,-0.173846,0.311063,0,0,0,0
0.397847,0.637836,0.310929,-0.044940,0.925440,-0.426295,0.272285,0,1,0,1
-0.014219,0.186889,0.702118,-0.440898,0.242702,-1.652231,1.280106,0,0,0,0
0.348533,0.632019,0.909863,0.164401,1.576404,0.605990,0.673078,0,0,0,1
0.577394,-0.462463,0.351194,1.059354,0.741730,0.550006,0.402357,0,0,0,0
0.516092,0.090155,0.185695,0.994520,1.308129,0.133352,0.440267,0,1,1,0
-0.014242,-0.109046,0.985175,0.580757,-0.548240,-1.328695,1.435889,0,0,0,0
0.113502,-0.147908,1.204892,0.565292,1.692762,-0.065275,0.528865,0,1,0,0
0.620605,-0.318054,0.595366,0.842543,0.667475,0.261693,0.497669,0,0,0,0
0.228769,0.777250,1.077941,0.483307,1.219567,0.074448,0.394274,1,0,1,0
0.143420,0.269681,0.354591,0.534619,0.757805,-1.676314,1.333817,0,0,0,0
0.434405,-0.010973,0.119943,0.050356,0.458462,0.669181,0.606361,0,0,1,0
0.735776,0.265641,0.092594,-0.151620,0.489724,-0.026316,0.404421,0,0,0,0
0.438440,0.426723,0.602642,-0.091194,0.882861,0.132145,0.556888,1,0,0,1
-0.386323,1.319977,0.731455,0.499128,1.139928,-0.928123,0.708772,0,1,0,0
0.182445,0.464034,0.541278,0.324376,-0.429148,1.184352,0.333728,0,0,1,0
0.514580,0.351579,0.815203,0.163109,-0.090598,-0.627839,0.343778,0,0,0,0
-0.079623,1.084875,0.670992,0.541819,1.168418,-0.495998,0.316252,1,0,0,1
-0.520744,0.804911,0.539919,0.769716,0.020570,-1.083285,1.051725,0,0,1,0
-0.026791,0.315042,0.491993,0.524496,0.913027,1.468965,-0.037640,0,1,0,0
0.332936,1.054291,-0.040614,0.801506,0.755079,0.852998,0.345683,0,0,0,0
0.423499,0.375520,-0.447886,0.395978,0.437871,-0.205606,-0.018719,1,0,0,1
-0.429833,1.513493,0.445189,-0.170852,-0.343511,-1.546962,1.212717,0,0,0,0
0.109418,-0.555581,-0.456275,-0.362753,-1.129283,0.618440,-0.715072,0,0,0,1
0.525755,0.719926,-0.371550,-0.485646,-1.707111,0.353656,-0.031626,0,0,0,0
0.215384,0.204203,-1.003635,-0.106794,-1.698391,-0.416773,-0.498387,0,1,0,0
0.017988,0.341877,0.023576,-0.652227,-1.751873,-1.369618,-0.848310,0,0,0,0
0.698282,0.511013,-0.163123,-0.517944,-1.415957,-0.356946,-0.475405,0,1,0,0
0.548926,0.710789,-0.211694,0.086494,-1.234526,-0.176456,-0.022484,0,0,0,0
0.897241,-1.365600,-0.027510,-0.240057,-0.830144,1.206557,-0.021789,0,0,1,1
0.211940,-0.017733,0.650355,0.063404,0.059951,1.119386,1.002936,0,0,0,0
0.408109,-0.359268,0.298886,0.508679,0.455608,1.578183,0.439527,1,1,0,0
0.660670,-1.054331,0.343226,0.019367,-0.265506,-0.932393,0.699751,0,0,0,0
0.810202,-0.873521,0.262597,0.450511,0.688723,0.716581,0.478904,1,0,1,1
0.366721,-1.013831,1.062919,0.171165,0.170144,-1.559474,1.291512,0,0,0,0
0.837630,-1.383320,0.543894,0.898344,0.377516,0.602789,0.285915,0,0,1,0
1.037720,-0.640119,0.104714,-0.481094,-0.727711,1.081115,0.240815,0,0,0,0
0.485526,-0.369660,0.576421,0.119344,-0.329436,-1.070301,0.089223,0,1,0,1
0.097534,0.312992,1.173660,-0.277686,0.641932,-0.881524,1.399078,0,0,0,0
0.269162,0.147365,0.805683,0.274086,1.049250,0.604511,0.585831,0,1,0,0
0.846927,-0.892376,0.264775,0.282333,-0.682351,0.658897,0.287088,0,0,0,0
0.538496,-0.021386,0.733991,0.140618,-0.352474,-0.606923,0.301221,1,0,1,1
0.258739,-0.578553,1.035698,0.495594,0.837663,-1.233235,1.405552,0,0,0,0
0.779357,-1.055090,0.282623,0.270497,-0.541230,0.474281,0.508462,0,0,0,1
1.065717,-1.586064,0.591993,0.801197,-0.515695,1.810316,0.218345,0,0,0,0
0.608629,-0.648749,0.859555,0.406728,0.020778,-0.695976,0.300710,1,1,0,0
0.008488,0.893054,0.533956,-0.121999,0.293893,-1.614021,1.166160,0,0,0,0
0.376295,0.444969,0.217736,0.633565,0.856225,0.816290,0.414967,1,0,0,0
0.934677,-0.715039,0.343451,-0.164108,-0.917713,-0.344262,0.321140,0,0,0,0
0.592037,-0.082619,0.889774,0.128054,-0.103166,-0.502502,0.234725,0,1,1,1
0.497437,-1.163228,1.263236,0.153896,0.158186,-0.562700,1.300795,0,0,0,0
0.608750,-0.472520,1.161387,0.988234,0.296737,0.286664,0.374375,0,0,1,0
0.761191,-1.063930,-0.026207,0.268043,0.082960,-0.996183,0.067064,0,0,0,0
0.851720,-0.584604,0.149974,0.091405,-0.025304,-0.907500,0.331449,1,0,0,1
0.439847,-0.854243,0.687714,0.506450,0.086842,-1.718743,1.164377,0,0,0,0
0.320358,-0.192971,0.471394,0.755220,1.181954,-0.289908,0.588004,0,1,0,0
0.926381,-1.559280,0.381928,0.414765,-0.220610,1.903861,0.127530,0,0,1,0
0.419010,-0.194007,1.096353,-0.432444,-0.517901,-0.450765,0.992926,1,1,0,1
0.403803,-0.878544,0.716071,0.181295,0.596149,-1.221270,1.407008,0,0,0,0
0.805267,-0.680173,0.206423,0.235934,0.070150,1.304235,0.553466,0,0,1,1
0.650616,-1.731012,0.816726,0.131560,-0.793444,-0.773138,1.035128,0,0,0,0
0.561749,-1.088428,0.580484,0.098747,-0.258385,0.065746,0.533781,1,1,0,0
-0.033686,0.170741,0.482654,0.361833,0.375705,0.423724,1.237277,0,0,0,0
0.021430,0.250521,1.036979,0.630957,1.303725,0.361606,0.696249,1,0,0,0
0.792004,-1.398678,0.515048,0.556498,0.185966,1.220720,0.320596,0,0,0,0
0.403737,-0.417257,0.792335,0.368648,0.651163,0.423993,0.370556,0,1,1,1
0.383713,-1.145712,1.044904,0.085725,-0.187119,-0.868681,1.210398,0,0,0,0
0.673976,-0.882437,0.622983,0.171005,0.011901,1.149937,0.640954,0,0,0,1
0.631983,-1.849495,0.769065,1.232609,1.088590,1.825081,0.163310,0,0,0,0
0.702564,-1.029977,0.641040,1.270894,-0.276836,-0.328583,0.376375,0,1,1,0
-0.027839,-0.322331,0.801911,0.842561,0.086089,-0.755435,1.343431,0,0,0,0
0.229683,0.533539,0.358953,-0.330464,0.237200,1.644425,0.567963,0,1,0,0
0.551786,-0.480438,1.198116,0.509712,-0.139352,-0.037234,0.379077,0,0,0,0
0.465161,0.284769,0.983525,0.530005,0.348767,-0.775555,0.517020,1,0,1,1
0.239809,-0.725806,0.759152,0.048184,-0.048146,-1.270006,1.403451,0,0,0,0
0.652575,-1.357871,0.224326,0.231584,-0.018486,-0.185314,0.521979,0,0,1,0
0.775496,-1.181488,0.347070,0.334337,-0.087013,1.229829,0.143750,0,0,0,0
0.515432,-0.187445,0.785051,0.378303,0.116788,-0.529364,0.380575,0,1,0,1
-0.083546,0.545258,0.698174,0.200207,1.308026,-1.423184,1.176209,0,0,0,0
0.024057,0.404003,0.716411,0.072619,0.366477,0.762778,0.668532,0,1,0,0
1.099430,-1.032897,0.394549,0.278143,-0.475288,2.316492,0.257535,0,0,0,0
0.405828,-0.050797,0.821341,0.418756,0.151141,-0.362438,0.152089,1,0,1,1
0.024162,-1.062743,1.543601,-0.402847,-0.781888,-0.377903,1.516138,0,0,0,0
0.594255,-0.302774,1.093034,0.876813,-0.197707,-0.150934,0.605974,0,0,0,1
0.606372,-0.535000,0.300752,0.796862,1.160917,-0.962847,0.366775,0,0,0,0
0.702982,-0.086964,0.019294,0.569792,0.832157,0.091489,0.239174,1,1,0,0
0.324902,-0.884540,1.154131,0.326151,-0.140608,-1.301715,1.249351,0,0,0,0
0.656007,-0.703737,0.450394,-0.004168,-0.054555,0.405252,0.350429,0,0,1,1
0.715806,-1.642568,0.811399,0.078592,-0.579499,0.151424,0.723023,0,0,0,0
0.538292,0.465166,0.762318,-0.243585,1.127025,1.167096,0.398080,1,0,0,1
0.559257,-0.720141,0.419714,-0.130003,-0.005248,-1.092836,1.221569,0,1,0,0
0.615261,-0.856096,0.281513,0.150692,-0.112674,-1.711999,0.697687,0,0,1,0
1.149626,-1.806431,0.236954,-0.073512,0.082041,-1.379653,0.574764,0,0,0,1
1.205883,-0.936519,-0.066548,-0.241137,-0.136648,-1.091031,0.487303,1,1,0,0
0.097951,-0.122610,0.553675,0.495582,0.624057,-1.433695,1.133508,0,0,0,0
0.510872,-0.054572,0.898824,-0.131673,0.346675,1.068463,0.375684,0,0,1,1
0.642532,-2.024700,0.461087,0.451521,0.156690,0.493387,0.758046,0,0,0,0
0.633463,-0.483068,0.386100,0.606077,-0.018761,0.667140,0.404632,1,1,1,0
0.563320,-1.328652,0.765918,0.222928,0.889874,0.212813,1.020162,0,0,0,0
0.587093,-0.624146,0.612904,0.079861,0.248083,-0.168563,0.450013,1,0,0,0
0.908062,-0.773052,0.585386,0.066661,-0.933933,0.352227,0.284460,0,0,0,0
0.602164,-0.220689,0.403962,0.226251,-0.219293,0.161781,0.195647,0,1,0,1
-0.236075,0.417404,1.116587,0.054308,0.199134,-0.959273,1.481862,0,0,0,0
0.210296,0.601159,0.838252,0.122486,0.754827,0.677490,0.635795,0,0,0,1
0.956316,-1.331770,0.273727,0.333490,-0.362178,0.445344,0.112638,0,0,0,0
0.616776,-0.535983,0.328669,0.904722,-0.149481,0.128807,0.123459,1,1,1,0
0.333424,-0.869686,0.748558,-0.092365,0.016300,-1.583589,1.287548,0,0,0,0
0.718963,-1.334059,-0.006282,-0.156150,-0.510577,-0.460448,0.550042,0,1,0,0
0.992415,-1.723132,0.338108,-0.039366,-0.702623,1.735794,0.050157,0,0,0,0
0.610537,-0.719383,0.178991,0.636886,0.356123,-0.172366,0.130495,0,0,1,1
0.096583,0.496976,0.434645,0.289974,0.634761,-1.415343,1.182340,0,0,0,0
0.262632,0.617611,0.307570,0.237823,0.520717,1.687442,0.637521,0,0,1,0
0.914785,-1.176933,0.398278,0.129537,-0.145952,0.821933,0.095575,0,0,0,0
0.443460,-0.813281,0.633978,0.699882,0.424103,0.387917,0.058529,1,1,0,1
0.294355,-0.723524,0.804176,-0.108487,-0.497737,-0.711509,1.520929,0,0,0,0
0.659129,-0.989913,0.880056,1.035200,0.814320,0.043297,0.599669,1,0,0,0
0.856027,-1.167102,0.150869,0.236343,0.282126,0.160439,0.161329,0,0,0,0
0.836294,-0.815785,0.689610,0.173715,0.010272,-0.924368,0.296511,0,0,1,1
0.492758,-0.811610,0.651329,0.120445,-0.587519,-1.317412,1.220390,0,0,0,0
0.157611,-0.008641,0.736049,0.471336,1.072485,0.851301,0.542131,0,1,0,0
0.881953,-1.240650,0.148164,0.776860,-0.226513,-0.303823,0.059808,0,0,1,0
0.218148,0.040388,0.658648,0.405161,0.035084,-1.196249,1.083984,1,1,0,1
0.222805,-0.839117,0.652160,0.158621,-0.052409,0.060049,1.268384,0,0,0,0
0.802925,-0.984725,0.049959,-0.344900,0.132052,0.122234,0.630118,1,0,1,0
0.777934,-1.610536,0.822893,0.311887,-0.394474,-0.984920,0.951803,0,0,0,0
0.678269,-0.927084,0.788761,0.405377,0.364915,0.405072,0.506564,0,1,0,1
0.067126,0.130584,0.723108,0.542869,0.290796,-0.002182,1.235566,0,0,0,0
0.418538,0.196302,-0.131818,0.423054,0.527916,0.500567,0.406163,0,0,0,1
0.671356,-1.679692,0.779618,1.590314,0.500733,0.052986,0.247153,0,0,0,0
0.579538,-0.251460,0.940790,0.198573,0.347921,1.383278,0.340253,1,1,1,0
0.194443,-0.989969,1.104398,-0.074273,-0.194053,-1.043880,1.355005,0,0,0,0
0.779113,-0.424474,0.704583,0.778944,0.912795,-0.679424,0.595562,0,1,0,0
0.706303,-0.785613,0.543885,1.261835,0.635913,-0.861415,0.315705,0,0,0,0
0.665830,-0.473133,0.281234,0.844696,0.817546,-0.324761,0.442182,0,0,1,1
-0.047298,-0.162011,0.962508,0.797746,-0.698088,-0.616157,1.378895,0,0,0,0
0.014005,0.055458,0.858057,0.374418,1.337764,0.915583,0.814013,0,0,1,0
0.642395,-0.997116,0.547757,1.227665,0.655148,0.476079,0.399816,0,0,0,0
0.383325,0.238575,0.954574,0.813463,0.500677,-0.550415,0.466389,1,1,0,1
0.492859,-1.331987,0.509308,0.164764,0.336909,-1.692190,1.138679,0,0,0,0
0.720138,-1.241615,-0.073109,0.102896,-0.180944,-0.502817,0.508472,1,0,0,0
0.789543,-0.581093,0.469932,0.228443,-0.250035,0.146156,0.380343,0,0,0,0
0.565738,-0.310127,0.324179,-0.071877,0.771349,0.183017,0.376128,0,1,1,1
0.094675,-0.808777,1.368229,0.545270,0.583523,-0.999709,0.944628,0,0,0,0
0.662207,-1.022199,0.397614,0.125436,-1.076902,-0.016470,0.152826,0,0,1,0
0.762042,-1.180082,0.618773,0.765088,-0.048684,-0.362519,0.211152,0,0,0,0
0.350713,-0.074378,1.001533,0.603489,0.535885,0.310831,0.142689,1,1,0,1
0.246037,-1.188532,1.042918,0.308062,-0.131476,-1.378966,1.010783,0,0,0,0
0.601356,-1.602320,0.364585,0.693033,1.029386,1.123519,-0.204303,0,1,0,0
0.909403,-1.569557,0.363567,0.481515,-0.061169,1.620935,0.186652,0,0,0,0
0.620455,-0.247201,0.172091,0.210070,-0.005085,0.713383,-0.099033,1,0,1,0
0.221231,-1.206497,0.772678,-0.226635,-0.080853,-1.704536,0.740793,0,0,0,0
0.683258,-1.150924,-0.116677,-0.349255,-1.279024,1.126927,-0.500398,0,0,0,1
0.615127,-1.601641,-0.171733,-0.321851,-1.696822,0.316425,-0.402720,0,0,1,0
0.489273,-0.552163,-0.609441,-0.471088,-1.654539,-0.130606,-0.408319,0,1,0,0
0.615613,-0.680521,0.035003,-0.891678,-1.087115,-0.849909,-0.421541,0,0,0,0
0.757723,-1.351367,-0.771460,-1.442654,-2.540038,0.136615,-0.723872,0,0,0,1
0.806401,-1.358802,-0.778225,-1.161609,-2.561962,0.462655,-0.678340,0,0,0,0
0.319240,-2.202850,-1.901445,-1.406154,-2.843462,0.123214,-1.256192,1,1,1,0
0.075752,0.095071,0.125580,0.147235,-1.005855,-1.046549,1.385574,0,0,0,0
0.593367,-0.072638,-0.435917,0.437306,-0.631480,-0.382092,-0.635286,0,0,0,0
0.384669,-0.427683,-0.088672,0.664382,-0.354416,-0.364736,-0.710031,0,0,0,0
0.231353,-0.754141,0.548946,-0.090481,-0.663434,-0.166414,-0.455498,1,0,1,1
0.407236,-0.691782,0.403787,0.513236,-0.514120,1.401774,0.315615,0,0,0,0
-0.073794,-0.112311,-0.120777,0.329247,-1.121761,-0.064336,-0.707235,0,1,0,1
-0.070301,0.413452,0.022149,0.157110,-0.001216,-0.795624,0.722226,0,0,0,0
-0.106765,0.499653,-0.655669,0.449113,0.444877,0.548558,-0.249439,1,0,1,0
-0.435492,1.145602,0.506351,0.208711,0.444930,-1.214195,1.336792,0,0,0,0
-0.180695,1.296810,0.116987,0.493152,-0.293851,0.981421,-0.472087,0,0,0,0
0.263389,-0.114792,-0.065349,-0.357883,-0.317257,1.564828,0.103195,0,0,0,0
-0.371619,1.181334,-0.427546,1.262123,-0.130366,-1.181765,-0.000958,1,1,0,1
0.293964,-0.956145,-0.040641,0.673835,-0.333709,0.209984,0.048386,0,0,0,0
-0.079855,0.274425,-0.842448,0.296398,0.092135,-0.471640,-0.870573,0,1,1,0
-0.218003,-0.358460,1.036229,0.080963,0.519455,1.653140,-0.232652,0,0,0,0
-0.466078,2.043851,-0.284285,0.713511,0.696391,0.611380,-0.658077,1,0,0,1
-0.313037,0.912460,-0.492155,0.100772,-0.022124,-0.330489,1.429748,0,0,0,0
-0.246449,1.165708,-1.304388,0.492041,0.551811,-0.731536,-0.504129,0,0,0,0
-0.081509,0.450851,-0.019557,0.083874,1.006153,0.567348,-0.676221,0,0,0,0
-0.463982,0.260573,-0.411037,0.703112,0.649119,1.013021,-0.461327,1,1,1,0
0.276251,-0.308387,0.771431,1.424521,-0.175191,1.398667,0.250234,0,0,0,0
-0.782423,0.993042,0.482922,0.840656,-0.266747,-0.716123,-0.894607,0,0,1,1
-0.323152,1.461523,-0.303948,-0.087792,-0.288093,1.187605,0.788317,0,0,0,0
-0.590637,1.845590,-1.429307,-0.201858,0.345446,-0.705251,-0.799556,1,1,0,0
-0.318088,1.205190,-0.525530,-0.052919,-0.252717,-0.997400,0.909274,0,0,0,0
-0.464682,-0.105782,0.442379,0.178975,0.154246,-0.405497,-1.275103,0,0,1,1
-0.260612,1.947572,-0.820882,0.641645,0.620931,0.041067,0.074684,0,0,0,0
-0.992813,2.537525,-0.545291,1.035535,0.622564,-1.503792,-1.009731,1,1,0,1
0.462692,-0.506324,0.493894,1.622037,-0.392837,0.698060,0.455919,0,0,0,0
-0.288955,1.282125,-0.837962,1.408282,0.921353,0.105053,-0.083514,1,0,1,0
0.072347,-0.976209,0.578576,0.925628,0.532135,2.482699,-0.397448,0,0,0,0
-0.288822,0.045304,-0.253387,-0.119636,2.102458,-0.172722,-0.828720,0,1,0,1
-0.364003,0.666701,-0.892812,0.494341,0.799383,-0.960246,0.561641,0,0,0,0
-0.414104,1.356464,-1.253793,0.282060,1.432522,-0.621733,-0.159888,0,0,0,0
-0.243183,0.049535,0.558282,0.055572,1.483585,2.349638,-0.648310,0,0,0,0
-0.826097,2.094893,-0.726054,0.304140,0.577386,-0.508587,-0.756788,1,0,1,1
-0.004144,-1.501234,0.395695,1.469418,0.017290,2.310424,-0.377318,0,0,0,0
-0.068789,1.116286,0.158794,0.000100,0.263136,0.147868,-0.925395,0,1,1,0
-0.255831,1.438418,-0.738387,-0.510040,-0.043502,-1.065257,0.619780,0,0,0,0
-0.424556,1.949396,-1.242437,-0.167929,0.929948,0.988815,-0.674455,1,0,0,1
-0.362561,0.851490,-0.025420,0.785329,1.564991,-0.850863,1.174572,0,0,0,0
-0.655917,2.245324,-0.595079,1.465348,1.337331,0.491186,-0.722962,0,0,0,0
-0.295429,-1.070733,1.545241,0.004079,0.270405,1.334541,-0.343655,0,0,0,0
-0.677183,2.915694,-0.236211,0.385378,1.053133,1.734965,0.099849,1,1,1,0
0.250099,-0.790758,0.286455,0.859352,0.475111,-0.059157,0.576899,0,0,0,0
-0.407388,0.979305,0.634777,0.691553,0.689469,-0.604612,0.046426,0,1,0,1
-0.703908,1.541662,0.806815,0.530162,0.541066,1.658317,0.884355,0,0,0,0
-0.939684,1.822198,-0.046223,0.663668,1.025152,-0.886352,-0.614380,1,0,1,0
-0.211268,1.423974,-0.269021,-0.193394,0.053346,-0.031579,0.838469,0,0,0,0
-0.408691,1.952102,-0.891196,0.771910,0.310255,0.115172,-0.195991,0,1,0,1
-0.407067,-0.470333,1.058954,0.252481,1.737505,0.533724,0.140154,0,0,0,0
-0.623713,2.799475,-0.117096,1.006808,-0.494819,1.232062,-0.767892,1,0,1,1
0.231737,-0.920577,0.963340,0.763677,-0.503993,-0.041659,-0.040228,0,0,0,0
-0.398695,-0.939741,1.325996,0.239936,0.367472,-0.637923,-0.754863,1,1,0,0
-0.362926,1.375594,-0.818306,-0.292190,0.230845,-0.086350,0.751294,0,0,0,0
-0.486764,1.407976,-1.243629,-0.189581,-0.307561,-0.092117,-0.422582,0,0,1,1
-0.057410,0.941241,-0.266981,0.438802,0.007480,-0.393940,0.379961,0,0,0,0
-0.267574,0.954368,-1.130876,0.616386,0.578016,-0.168635,-0.938365,1,1,0,0
-0.149548,-0.998190,0.169639,0.559118,0.132783,0.089956,-0.781437,0,0,0,0
-0.312887,0.623754,0.357978,0.607653,-0.518589,0.733361,-0.872807,0,1,1,0
0.224462,-1.904101,0.705478,1.172905,0.104178,0.296265,-0.154953,0,0,0,0
-0.064974,0.008844,0.299105,1.083187,-0.184865,-1.168736,-0.804640,0,1,1,0
0.472082,-0.870385,0.376570,0.413244,-1.751985,1.503710,0.003043,0,0,0,0
-0.210979,-0.417636,0.423929,1.146468,-0.365966,-1.019898,-0.963737,1,0,1,1
-0.296242,0.528618,0.449585,0.223839,-0.919681,-1.724724,0.987694,0,0,0,0
0.038095,0.025739,-0.410488,1.293702,-1.390754,0.344506,-0.680002,0,0,0,0
0.207366,-0.287683,0.830275,0.470235,-0.435096,1.011325,-0.728297,0,0,0,0
-0.428821,-0.313278,0.726378,0.470283,-1.009551,0.234710,-1.316506,0,1,1,1
0.325259,-1.143888,0.075940,0.721904,-0.595854,-0.716579,0.264589,0,0,0,0
-0.681596,0.372730,0.328125,1.913076,0.294459,-1.193089,-0.343051,1,0,0,1
-0.338857,0.876059,0.152216,0.098778,-1.131614,-1.391925,1.208053,0,0,0,0
-0.338073,0.991762,-0.972354,0.274767,-0.380180,0.054951,-0.743452,0,1,1,0
-0.689401,0.808815,0.312441,0.206951,0.737212,-0.611909,1.353342,0,0,0,0
-0.752967,1.746917,-0.135255,0.943891,-0.064854,0.420043,-1.188391,0,0,0,0
0.055718,0.325607,-0.075240,-0.652219,0.535137,1.969332,0.033730,0,0,0,0
-0.734807,2.316764,-0.360774,1.044513,-0.224669,-0.588115,0.179297,1,1,0,1
0.525311,-0.395977,0.277979,1.127338,-0.338195,-0.084444,0.472003,0,0,0,0
-0.190185,1.280054,-1.017835,0.645418,-0.290997,0.126885,-0.423473,1,0,1,0
-0.524909,-0.360853,1.362440,0.277476,-0.269395,1.848523,0.131333,0,0,0,0
-1.096948,2.426366,0.308213,0.784628,0.129317,-1.116677,-0.736650,0,1,0,1
-0.323903,1.396475,-0.064996,0.023589,-0.558788,-0.967351,1.156273,0,0,0,0
-0.300675,1.666608,-1.250239,0.362731,-0.912691,0.150348,-1.258088,1,0,1,0
-0.631934,0.866120,-0.186872,-0.129605,0.719503,-0.498076,0.498896,0,0,0,0
-0.266023,2.769888,-0.867551,-0.038016,-0.643776,1.563738,-0.168835,0,1,1,1
0.218763,-0.404006,1.111746,0.802832,-1.098747,-0.607843,-0.104974,0,0,0,0
-0.686113,1.002271,0.350873,0.692188,-0.663639,-0.932246,-0.612730,1,0,0,0
-0.073011,0.638479,0.075766,0.072841,-0.166616,0.226097,0.648167,0,1,0,0
-0.656797,1.341464,-0.793127,0.862242,0.338386,-0.734415,-0.748345,0,0,1,1
-0.144210,1.521312,0.111376,0.207105,0.146577,0.724047,0.272646,0,0,0,0
-0.607811,1.563133,0.143277,0.668448,-0.914891,-0.949771,-0.783429,1,1,0,0
-0.304604,0.273422,0.240727,0.930579,-0.246701,-0.166865,-0.092499,0,0,0,0
-0.647255,0.753607,0.388782,0.942576,-0.551478,0.522206,-0.677110,1,0,1,1
0.404633,-0.749073,0.469114,1.016972,-0.939137,-0.128074,0.191090,0,0,0,0
-0.014997,0.227625,-0.476165,1.232763,-0.641914,-0.164448,-0.575543,0,1,1,0
0.179560,-1.000045,0.861095,1.582203,0.431909,0.347126,-0.091365,0,0,0,0
-0.033382,-0.659643,0.387396,0.963284,1.718729,0.346895,0.248217,1,0,0,1
-0.475410,0.508414,-0.163111,-0.089688,0.577274,-0.345627,1.531282,0,0,0,0
0.005170,0.194599,-0.043209,0.995026,-0.372518,0.293345,-0.491912,0,0,0,0
-0.058656,0.136502,-0.248957,1.119406,-0.133077,-0.092415,-0.553772,0,0,0,0
-0.437124,-0.064603,0.028282,0.919455,-0.415326,0.238475,-0.697156,0,1,0,0
-0.563412,0.655329,0.195283,0.130468,-0.090506,-1.279716,-1.103020,0,0,0,0
-0.574923,0.462508,-0.011647,0.508778,0.323204,0.458279,-0.842101,0,0,1,1
-0.440103,0.969206,-0.039502,-0.015756,-0.199875,-0.074028,1.503659,0,0,0,0
-0.397997,2.179828,-1.114517,-0.126380,0.756946,-0.182402,-0.591344,0,0,0,0
-0.543404,1.959606,-0.630401,0.453382,1.215555,1.218774,-0.650742,0,0,0,0
-0.700421,2.545381,-0.903756,1.313791,1.338070,-0.579726,-0.265480,0,1,0,0
-0.552004,-0.530189,1.486141,-0.822795,0.199205,-0.027643,-1.143383,0,0,0,0
-0.478540,0.699910,0.024737,0.155276,0.217978,1.858924,-1.307256,1,0,1,0
-0.424947,1.186965,0.510373,0.336657,-0.123157,-1.325885,1.435321,0,0,0,0
-0.560980,2.198448,-0.086169,0.263753,-0.101494,0.537171,-1.057134,0,0,0,1
-0.647296,2.107890,-0.270471,0.701962,1.107746,0.038603,0.266041,0,0,0,0
-1.114729,2.681330,-0.430397,0.454899,1.540374,0.737390,-1.168804,1,1,0,0
-0.453919,1.627630,-0.541183,0.094276,0.767767,-0.271206,0.615452,0,0,0,0
-0.686397,1.664594,-1.572157,0.104218,0.569154,0.022381,-1.300161,0,0,1,1
-1.162294,2.006057,-0.643293,-0.114426,0.768838,0.739471,-1.339256,0,0,0,0
-0.710397,2.819897,-1.128462,-0.374104,-0.937795,2.699558,-1.130099,1,1,1,0
-0.252213,-0.424562,0.516516,-0.048323,-0.902509,-0.639579,-1.051538,0,0,0,0
-0.516811,-1.446620,0.974252,-0.614426,-0.090902,-0.550054,-1.212385,1,0,0,1
-0.319384,1.880822,-0.589595,-0.231664,-0.461891,0.002113,0.926364,0,0,0,0
-0.572711,0.835111,-1.345671,0.089477,-0.550593,-0.317300,-1.036859,0,0,0,0
-0.646496,0.739199,-1.315255,-0.048329,0.013053,-0.399947,-1.255482,0,0,0,0
-0.416868,0.050638,-0.757076,-0.563866,-0.910065,0.208022,-1.443258,0,1,0,1
-0.684832,1.015379,-0.297010,-0.301842,-0.975576,-0.914967,0.140359,0,0,0,0
-0.283874,-0.081846,-0.271044,-0.770060,-1.953573,2.452986,-1.499847,1,0,1,0
0.272463,-1.385712,0.197651,0.318679,-1.314961,-0.508197,-0.828369,0,0,0,0
0.413370,-1.405129,-0.080732,-0.416243,-1.471894,-0.327634,-0.970682,1,0,1,0
0.093657,-1.683051,-0.532425,0.497466,-0.187197,0.379647,-1.008993,0,0,0,0
0.567929,-2.852902,0.399656,0.099655,-0.679406,0.354957,0.653249,1,1,0,1
0.915777,-0.427972,0.424515,0.197160,-0.644663,-1.031544,0.655346,0,0,0,0
0.948126,-0.707169,0.317523,0.354065,-0.712658,-0.697972,0.149603,0,0,0,0
0.579050,-0.667357,0.132200,0.660400,0.293362,0.299464,0.065999,0,0,0,0
0.420555,-1.004612,0.320165,0.161223,-0.668967,0.497418,-0.013365,0,1,0,1
0.704370,-0.571601,0.210284,0.570927,0.158064,-0.620193,0.346601,0,0,0,0
0.649729,-0.119202,0.026748,-0.027088,-0.521215,0.745878,-0.129616,0,0,0,0
0.544575,0.195172,0.048123,-0.201137,0.545183,-0.549185,0.282903,0,0,0,0
0.567568,-0.417262,0.218792,0.527993,-0.310579,0.610089,0.245772,1,0,1,1
0.766820,-0.347701,0.321636,-0.358808,-0.912056,1.504073,0.343518,0,0,0,0
0.435322,-1.251851,0.676349,0.435569,-0.056482,-0.853264,0.217872,0,0,0,0
0.289380,-0.424149,0.806818,0.144132,0.006941,-0.768176,0.052125,0,0,0,0
0.578015,0.555157,-0.140751,-0.563105,-0.664547,2.040144,0.560280,1,0,1,0
0.396584,0.065175,0.970249,0.107404,0.161702,-1.319619,0.570153,0,0,0,0
0.634017,-0.415804,0.359211,0.563854,-0.306473,0.460771,-0.181072,0,0,0,0
0.437484,0.463339,0.658223,0.073764,-0.104801,0.126353,0.355378,0,0,0,0
0.431319,0.652943,0.262379,-0.592989,-0.984372,-0.003520,0.185090,0,1,1,1
0.532210,0.505266,0.535125,-0.141906,0.071008,-1.635772,0.223272,0,0,0,0
0.435270,-0.348047,0.866598,0.050944,-0.628749,-0.325228,-0.189814,0,0,0,0
0.352126,-0.602006,1.572649,-0.255639,-0.428991,-0.764066,0.321040,0,0,0,0
0.392106,0.208636,0.047041,-0.178409,-0.513251,0.710489,-0.259640,0,0,1,1
0.688845,0.707708,0.723620,-0.503165,-1.121709,0.026094,0.406063,0,0,0,0
0.517437,0.368812,0.529217,-0.212248,-1.422954,0.025977,-0.113513,0,0,0,0
0.620456,0.361291,-0.061309,-0.322584,-0.734766,1.438390,0.263200,0,0,0,0
0.329224,-0.251406,-0.441119,-0.367644,-0.276401,-1.124044,-0.188368,1,1,1,0
0.584692,0.024093,0.176415,-0.157886,0.219557,-1.264824,-0.057855,0,0,0,0
0.548011,-0.718957,0.184745,-0.015934,0.153757,-1.154316,-0.791650,0,0,0,0
0.253930,0.692326,0.301280,-0.426158,0.346428,-0.133392,-0.131538,0,0,0,0
0.705060,0.018246,-0.145581,-0.371087,0.124866,-0.082933,-0.055184,1,1,0,0
0.662981,0.177451,0.001512,-0.281293,-0.745503,-1.089391,0.075538,0,0,0,0
0.353575,-0.481990,0.357876,-0.344840,-0.659073,0.429309,-0.252389,0,0,0,0
0.527165,1.073699,0.079264,-0.445682,-0.499421,-0.271656,0.243189,0,0,0,0
0.294198,0.935469,0.191102,-0.268264,0.049151,-0.493162,0.169045,1,0,1,1
0.570472,0.662601,0.244853,-0.613507,-0.868214,-1.181945,0.146520,0,0,0,0
0.613146,-0.572099,-0.388130,-0.656008,-0.776217,0.728507,-0.547971,0,0,0,0
0.565577,-0.618588,0.091649,0.159733,-0.661039,0.658478,-0.327880,0,0,0,0
0.263642,0.306512,0.116100,-0.413904,-0.260554,0.124856,-0.716189,1,0,0,1
0.767039,0.125983,0.254446,-0.486706,-0.647748,-0.248861,-0.044694,0,0,0,0
0.645894,0.441010,-0.133362,-0.521939,-1.417011,-0.715611,-0.332383,0,0,0,0
0.299915,1.032758,0.057157,-0.840795,0.228561,-0.490949,-0.134279,0,0,0,0
0.148452,0.713450,0.515178,-0.715445,-1.057376,-1.297949,-0.440764,0,1,1,1
0.709654,0.171619,0.057829,-1.026136,-1.394544,3.726270,0.005412,0,0,0,0
0.719704,0.488724,-0.237213,-0.409291,-1.574299,0.067675,-0.268224,0,0,0,0
0.276314,0.831823,0.219773,-0.966871,0.110956,-1.407070,-0.511299,0,0,0,0
0.198386,0.749274,0.507951,-0.851804,-0.857302,-0.508824,-0.629799,0,1,1,0
0.736283,-0.466030,-0.143032,-0.425043,-0.264305,-0.420622,-0.150679,0,0,0,0
0.537027,0.094938,0.293165,-0.294506,-0.776099,0.783483,-0.445503,0,0,0,0
0.227006,0.603173,0.163030,-0.167760,0.672973,-0.521477,-0.436079,0,0,0,0
0.157313,0.882031,0.169266,-0.927518,-0.329477,-0.319303,-0.794748,1,1,0,1
0.578781,0.628084,0.334368,-1.050497,-0.647274,-0.608811,0.107435,0,0,0,0
0.641350,0.299259,-0.365952,-0.253821,-1.082640,-0.131731,-0.226150,0,0,0,0
0.320352,0.535532,0.660935,-0.662851,-0.193574,0.253577,-0.396617,0,0,0,0
0.146251,0.714793,0.464035,-0.850065,-1.029717,-0.389831,-0.561381,1,1,0,0
0.631833,-0.334672,-0.043502,-0.204966,-0.385743,1.258862,0.111549,0,0,0,0
0.437163,-0.314093,0.189371,0.167895,-0.788687,-0.732626,-0.699921,0,0,0,0
0.481601,1.094329,-0.032577,-0.352636,-0.856098,0.570879,-0.104406,0,0,0,0
0.443001,1.218036,-0.669439,-0.728941,-0.643118,-0.436303,-0.274682,0,1,1,1
0.661065,-0.108248,-0.378775,-1.263314,-1.017383,-0.709290,-0.157856,0,0,0,0
0.634483,-0.786820,-0.327605,-0.421419,-1.317251,0.271986,-0.486402,0,0,0,0
0.250251,0.649938,-0.029977,-0.080750,0.196323,-0.110584,-0.272523,0,0,0,0
0.363925,0.418248,0.152336,-0.248754,-1.337869,-0.344648,-0.595951,0,0,1,1
0.583443,0.075307,-0.288946,-0.832552,-1.314599,0.227954,-0.129052,0,0,0,0
0.616713,0.267756,-0.158879,-0.350186,-1.406066,0.492089,-0.378415,0,0,0,0
0.421739,0.379018,0.020702,0.057010,-0.444200,-0.243155,-0.055582,0,0,0,0
0.224239,0.679166,0.292245,-0.421094,-1.213111,-1.033081,-0.534212,1,1,0,1
0.760980,-0.029196,-0.668696,-0.659411,-1.054357,-0.766620,-0.091365,0,0,0,0
0.840440,0.435001,-0.048633,-0.038978,-0.932217,0.114341,-0.189630,1,0,0,0
0.882322,-0.029191,0.445679,-0.861361,-1.267457,-0.497388,-0.234385,0,0,0,0
0.452958,0.100680,0.393451,-0.037872,-0.933038,-0.337090,-0.396036,0,1,1,0
0.872855,0.162301,-0.291240,-0.749332,-1.309413,-0.597420,0.032638,0,0,0,0
0.415410,0.297647,0.882612,-0.308908,-1.128992,-0.581807,-0.494807,0,0,1,0
0.716999,0.838310,0.057163,-0.545538,-1.360285,-0.632770,-0.114188,0,0,0,0
0.597296,0.267604,0.421316,0.191155,-0.898081,-0.683501,-0.156334,0,1,0,1
0.625756,0.392457,-0.543828,-0.713080,-1.224671,-0.586279,0.156206,0,0,0,0
0.454802,0.043567,0.359526,0.249668,-0.581732,-0.518096,-0.398701,1,0,1,0
0.693613,-0.049032,0.329040,-0.048538,-0.914957,-0.007808,-0.067294,0,0,0,0
0.435213,0.302831,0.547666,-0.151005,-0.681500,1.493108,-0.479396,0,1,0,1
0.700447,0.012763,-0.345572,-1.056526,-1.641435,-0.976558,-0.154369,0,0,0,0
0.748137,0.209593,-0.156969,-0.680691,-1.268661,0.082319,-0.300206,0,1,0,0
0.673058,-0.096231,0.056292,-0.394099,-0.458212,-0.889980,-0.451566,0,0,0,0
0.330618,0.588724,0.708212,-0.508301,-0.205711,-0.519335,-0.417448,1,0,0,1
0.699936,-0.003493,-0.235425,-0.491178,-0.379607,1.901673,-0.287344,0,0,0,0
0.509165,0.451371,0.093412,-0.353601,-0.815277,0.590628,-0.411987,0,0,0,1
0.600738,-0.055321,-0.137369,-0.275240,-0.705906,-0.835071,-0.228714,0,0,0,0
0.540327,-1.000734,0.478676,-0.190213,-1.105716,-0.697105,-0.712058,0,1,1,0
0.711238,0.130659,-0.420559,-0.762119,-1.809319,-0.661691,-0.049911,0,0,0,0
0.629955,0.993285,0.109089,-1.001540,-1.526223,-0.240383,-0.354722,1,0,0,1
0.669908,0.611081,-0.185169,-0.684123,-1.529418,0.213602,-0.231963,0,0,0,0
0.588203,0.562129,-0.184301,-0.984826,-1.369381,-0.444496,-0.560577,0,1,1,0
0.659812,0.281059,-0.409358,-0.989974,-1.524190,-1.220695,-0.346505,0,0,0,0
0.821424,0.553113,-0.577436,-1.121686,-1.572871,-0.032305,-0.423895,0,1,0,0
0.685878,0.244087,-0.541036,-0.799071,-0.881475,-1.226854,-0.494669,0,0,0,0
0.683420,-0.025020,-0.363833,-0.990755,-1.840831,0.130121,-0.550236,0,0,1,0
0.501991,-0.190630,-0.609870,-1.416018,-1.206297,-1.235963,-0.299373,0,0,0,0
0.673176,0.049711,-0.243593,-1.127920,-1.172667,-0.490030,-0.643358,0,0,1,0
0.791779,-0.240594,-0.061627,-0.785955,-1.259643,-0.541377,-0.512647,0,0,0,0
0.670543,-0.137069,-0.459836,-1.051055,-0.805739,0.100104,-0.535412,1,0,0,0
0.035089,0.673501,-1.404979,-1.721367,-2.016418,-0.763530,-1.308934,0,0,0,0
-0.027285,-0.636397,-1.383321,-1.296497,-2.989442,0.544567,-1.485410,0,0,0,1
-0.073095,-0.160577,-1.935822,-1.588481,-2.779003,1.839138,-0.947350,0,0,0,0
-0.443586,-0.560742,-1.790510,-2.020476,-4.011449,-0.106059,-1.539560,0,1,0,0
-0.430321,0.479031,-2.238543,-1.952641,-2.765299,0.762669,-1.185156,0,0,0,0
-0.751961,0.460947,-1.733717,-1.474318,-3.056462,0.464992,-1.666972,0,0,0,1
-0.355386,0.021470,-1.915623,-2.242033,-3.612363,3.235592,-1.076358,0,0,0,0
-1.041866,0.584586,-2.359300,-1.802966,-3.090940,-0.123610,-1.672288,0,1,0,0
-1.126077,1.374177,-1.961311,-1.618393,-2.483602,1.244393,-1.538389,0,0,0,0
-0.781893,-0.932953,-1.931658,-2.054153,-3.416798,0.079911,-1.491765,0,0,0,0
-1.044701,0.518245,-2.947182,-2.331968,-2.899678,-0.253089,-1.688488,0,0,0,0
-1.846829,1.045095,-1.727845,-1.479230,-2.572008,-1.225332,-2.285122,0,0,1,0
-1.059081,-0.419771,-1.807668,-2.578850,-3.172150,1.653059,-1.466106,0,0,0,0
-1.302429,-3.072314,0.061643,-3.051443,-2.509102,1.356378,-2.474308,1,0,0,0
-1.046279,-1.129192,-1.315141,-2.531621,-4.003911,1.695201,-1.689595,0,0,0,0
-1.290979,0.062486,-2.068607,-3.251083,-3.556086,0.251479,-1.611217,0,0,1,0
-1.580573,0.255575,-1.161833,-3.770553,-3.718159,0.531484,-1.717451,0,0,0,0
-1.519940,-1.099621,-0.824411,-2.612126,-3.448557,-0.781306,-2.095323,0,1,0,1
-0.910602,-1.010377,-1.889959,-2.347638,-3.327347,2.121467,-1.108448,0,0,0,0
-1.813102,0.446577,-2.393231,-1.812179,-2.476551,0.480424,-2.126870,1,0,1,0
-1.228160,-1.360660,-2.381396,-1.549946,-2.607269,4.783286,-1.298484,0,0,0,0
-2.078692,-2.568351,-0.317038,-3.008587,-1.538169,-0.702777,-2.662358,0,1,0,1
-0.931478,-1.541754,-1.879234,-1.055880,-2.445280,2.945179,-1.446056,0,0,0,0
-1.466648,-1.072453,-2.219998,-1.299291,-2.017602,-0.372234,-1.720452,0,0,1,0
-0.938159,-0.785930,-2.598554,-2.062807,-4.098685,1.262873,-1.363363,0,0,0,0
-1.058493,-0.647091,-2.440358,-2.449087,-3.196136,0.862501,-1.718791,1,0,0,0
-1.188257,-0.830434,-2.372274,-1.656357,-1.744275,-0.405120,-1.840721,0,0,0,0
-0.764425,0.051425,-1.809969,-1.500804,-1.887630,0.783056,-1.916498,0,0,0,1
-0.922496,0.737690,-1.432603,-0.394781,-0.499675,-0.079384,-1.994773,0,0,0,0
-0.972590,0.323875,-0.910245,0.024363,-0.397636,0.137996,-1.749069,0,1,0,0
-0.189421,-0.752850,0.074492,0.263240,-0.074848,3.024329,-0.734795,0,0,0,0
0.606732,-1.323414,0.265698,0.131088,-0.733967,1.725807,-0.677552,1,0,0,1
0.180374,-0.381801,0.484197,0.214042,0.035920,-1.209974,1.248989,0,0,0,0
0.521073,-0.637353,-0.100071,0.366125,0.299310,0.855098,0.560846,0,1,1,0
0.437360,-0.393430,0.201002,0.082452,-0.473683,0.126752,0.927929,0,0,0,0
0.730381,-0.587641,0.176030,0.262974,0.930903,0.890830,0.598476,1,0,1,0
0.087102,0.426937,0.840375,0.358331,0.607031,0.998110,1.192635,0,0,0,0
0.498601,-1.257814,0.385382,1.202874,0.195666,1.151982,0.503603,1,0,0,0
0.779666,-0.400751,-0.123285,-0.602082,0.153054,0.935634,0.247898,0,0,0,0
0.543516,0.345128,0.633520,-0.149211,-0.431683,-0.378626,0.121286,0,1,0,1
-0.144177,-0.041908,0.789002,-0.508486,0.773554,-1.188573,1.352721,0,0,0,0
0.153649,-0.238569,0.526265,0.182267,0.742638,0.217835,0.818735,0,0,0,1
0.779234,-0.174994,0.255975,-0.417989,-0.308581,1.050557,0.310831,0,0,0,0
0.445569,0.020145,0.610701,-0.044528,-0.094503,0.276766,0.218137,0,1,1,0
0.137873,0.248171,0.690897,0.453798,0.027758,-1.608269,1.280532,0,0,0,0
0.437581,-0.194851,0.133498,0.188732,0.390750,1.845999,0.590334,0,1,0,0
0.669321,-0.220159,0.292274,0.644936,0.109852,-0.314483,0.254370,0,0,0,0
0.584143,-0.282272,1.088933,-0.176481,-0.470486,0.609298,0.365691,1,0,1,0
-0.067946,0.432458,0.533452,-0.205228,0.087010,-1.687379,1.196810,0,0,0,0
0.409319,0.368323,0.196241,0.107878,0.203382,0.096429,0.633835,0,0,1,0
0.739546,0.115945,0.132665,0.168890,0.030226,0.143344,0.238675,0,0,0,0
0.381651,0.301708,0.700982,0.022758,0.511272,-0.001637,0.265116,1,0,0,1
-0.041333,0.125185,1.106408,-0.170821,0.375307,-1.349530,1.320399,0,0,0,0
0.212405,-0.176521,0.939998,-0.066874,1.106167,1.426503,0.509329,1,0,0,0
0.605057,-0.602985,0.002782,0.389741,1.240971,0.209406,0.121060,0,0,0,0
0.565269,0.060782,0.076796,0.208845,0.332840,0.538636,0.108680,0,1,1,0
-0.082629,0.662711,0.715052,-0.004854,0.343545,0.745565,1.362781,0,0,0,0
0.490498,0.799247,0.344609,0.334884,0.703643,0.930372,0.409121,0,0,0,1
0.641654,-0.377615,0.335756,0.354170,-0.129675,0.097285,0.079702,0,0,1,0
0.405751,-0.202772,0.970511,-0.239651,0.111489,0.062638,1.092441,1,1,0,0
0.176977,-0.077511,0.028714,-0.301664,-0.206407,0.196153,1.216057,0,0,0,0
0.421182,0.269722,-0.142105,-0.447698,0.844094,2.208192,0.632245,0,0,1,1
0.268900,-0.817550,0.546715,0.153391,0.034147,1.060385,0.849709,0,0,0,0
0.250264,0.830550,0.894492,0.020749,1.156699,0.566440,0.418901,1,0,0,1
0.027845,0.311599,0.543309,0.358123,0.740720,-1.662070,1.244559,0,0,0,0
0.195477,0.348416,0.655173,0.315612,1.166419,-0.501663,0.695814,1,0,0,0
0.478838,0.751016,-0.001548,0.381039,0.411870,-0.372448,0.360772,0,0,0,0
0.407592,1.014053,0.671921,0.005082,0.762344,-0.878008,0.462288,0,1,1,0
-0.103506,0.910994,0.813578,-0.773250,-0.464828,-0.873046,1.413800,0,0,0,0
0.322629,0.095467,1.403080,-0.065116,0.395163,0.599412,0.684947,0,0,1,0
0.549515,-0.766536,0.113668,1.213722,0.982769,-0.184964,0.191572,0,0,0,0
0.488605,-0.608320,0.527342,1.261003,0.389774,-0.633673,0.305505,0,1,0,1
0.079728,0.627653,0.955887,0.435558,-0.227285,-0.400404,1.352409,0,0,0,0
0.277299,0.422924,0.222682,-0.116027,0.257728,0.149602,0.550091,0,1,0,0
0.627236,-0.070722,0.487171,0.188645,0.257858,-0.027016,0.238437,0,0,0,0
0.476608,0.461201,0.886196,-0.252772,0.263383,0.592904,0.383922,1,0,1,0
0.088925,0.134847,0.660514,0.250011,-0.143110,-1.325626,1.237698,0,0,0,0
0.354291,-0.236511,-0.207619,0.296012,0.953583,0.385918,0.411189,0,0,1,0
0.683632,-0.082648,0.157838,-0.008551,0.098141,0.515004,0.313572,0,0,0,0
0.391782,0.156057,0.614416,-0.076579,0.682536,0.638426,0.214461,1,0,0,1
-0.125826,0.609412,0.833795,0.317215,0.955486,-1.863603,1.182729,0,0,0,0
0.116649,0.130750,0.844018,0.242196,1.061145,0.342343,0.636250,1,0,0,0
0.609765,0.409762,0.202793,0.147203,-0.041598,3.835632,0.344605,0,0,0,0
0.346318,0.971695,0.917651,0.481046,0.864547,-0.837608,0.605969,0,1,0,1
-0.050748,0.343036,1.078368,0.428901,1.038256,-1.739059,1.152548,0,0,0,0
0.115878,-0.015687,0.906147,0.563884,1.275791,0.817685,0.624828,0,0,0,1
0.677933,-0.300462,0.576966,1.040019,0.665285,0.334703,0.475790,0,0,0,0
0.527659,0.333275,0.167440,0.736184,1.228115,-0.082010,0.346527,1,0,1,0
0.058113,0.719893,0.669109,0.087559,0.205898,-1.242238,1.226303,0,0,0,0
0.124416,0.636170,0.585037,-0.215555,0.886512,0.308113,0.503194,0,1,0,1
0.390421,-0.448039,0.766777,0.387763,0.646458,0.163322,0.703999,0,0,0,0
0.234164,0.347848,0.400772,-0.008358,0.521767,0.954034,0.304515,1,0,0,1
0.127340,0.269565,0.574930,0.347568,0.136142,-0.393895,1.223481,0,1,0,0
0.367205,0.289034,0.025451,-0.408140,-0.437963,-0.793275,0.885769,0,0,1,0
1.019659,-0.368528,-0.347123,-0.077091,0.039000,2.321581,0.325237,0,0,0,1
0.346748,0.327727,0.362268,-0.454895,-0.241301,0.659485,0.813689,1,1,0,0
0.157387,0.013666,0.126141,0.525985,1.379484,0.443606,1.095969,0,0,0,0
0.384796,-0.284441,0.878927,-0.029792,0.864690,2.616415,0.444867,0,0,1,1
0.519049,-0.815436,-0.358492,0.145911,0.596607,-0.462611,0.837154,0,0,0,0
0.480878,0.308948,0.112054,0.255383,0.449274,0.837116,0.293841,0,1,1,0
-0.104424,0.232916,0.825930,0.101577,-0.021090,-1.520703,1.325480,0,0,0,0
0.305173,-0.478205,0.552009,-0.050570,1.147017,0.268478,0.450765,0,1,0,0
0.673340,0.301998,0.408765,-0.176159,-0.251901,0.453370,0.436356,0,0,0,0
0.565496,0.163197,-0.030914,0.169413,0.491069,-1.330903,0.070271,1,0,0,1
-0.191677,0.584363,1.256830,0.060074,0.597815,-1.156089,1.373471,0,0,0,0
0.500961,1.306049,0.851092,0.054816,0.180800,0.062948,0.620520,0,0,0,1
0.603888,0.148844,0.375471,0.132380,0.113015,0.009441,0.269358,0,0,0,0
0.568536,-0.089866,0.183847,0.613520,0.098327,0.204195,0.227935,1,0,1,0
0.142543,0.171252,0.415535,-0.391142,-0.694020,-1.213375,1.189513,0,0,0,0
0.516090,0.138311,0.242150,0.372351,0.676633,1.904896,0.542979,1,0,0,0
0.680817,0.108227,0.512207,-0.106851,-0.477821,-0.615242,0.387075,0,0,0,0
0.525674,-0.120451,0.417532,0.160222,-0.312387,0.726208,0.329983,0,1,1,0
0.047048,0.598277,0.503662,0.039746,0.166813,-1.681779,1.274493,0,0,0,0
0.360403,0.551245,0.435474,0.254023,0.373242,0.635925,0.723746,0,0,1,0
0.627835,0.079118,-0.090879,-0.015792,0.900722,2.981400,0.090006,0,0,0,0
0.562605,0.274558,0.508916,0.097472,0.691680,-0.177809,0.248806,0,1,0,1
0.001682,-0.001349,0.981284,0.501298,0.932041,-1.925540,1.123384,0,0,0,0
0.254048,-0.256927,0.750616,0.295148,1.202221,1.557533,0.545719,0,1,0,0
0.679634,-0.609874,-0.116448,0.034444,0.493146,0.633555,0.115576,0,0,0,0
0.365580,0.316519,0.668764,0.631852,0.724100,0.975908,0.469917,1,0,1,0
-0.028343,0.431231,0.629235,-0.160323,-0.728130,-0.399310,1.324776,0,0,0,0
-0.057835,-0.153966,0.773946,0.537181,1.361087,1.160479,0.623779,0,1,0,0
0.727294,-0.368317,0.146359,0.142001,0.190297,0.186407,0.048373,0,0,1,0
0.116896,0.893729,0.675118,0.012885,0.530586,-0.803182,0.991219,1,0,0,1
0.219211,0.275221,0.323197,-0.267513,0.056864,-0.717646,1.171602,0,0,0,0
0.412161,0.361522,-0.102317,-0.009336,1.112478,1.156169,0.488478,0,1,1,0
0.232836,-0.078833,0.484014,-0.018728,0.416975,-0.589970,0.921702,0,0,0,0
0.338622,-0.035013,0.766729,0.172867,1.186282,0.191417,0.473586,0,1,0,1
-0.071573,-0.028655,0.499859,0.534290,0.326542,-0.853375,1.316455,0,0,0,0
0.380804,0.049095,-0.204000,0.249030,0.358878,0.249075,0.372064,0,0,0,1
0.503656,0.262969,-0.018794,0.716226,1.170630,1.278825,0.270876,0,0,0,0
0.397763,0.245463,0.574091,0.109918,0.240718,-0.719901,0.197570,1,0,1,0
-0.091089,0.665534,1.009194,-0.418778,-0.049061,-1.156055,1.238047,0,0,0,0
0.242654,0.322773,1.088267,-0.005838,0.810017,1.109502,0.765006,1,0,0,0
0.798277,-0.468574,0.593423,0.475538,0.867350,0.877778,0.378950,0,0,0,0
0.461336,-0.359424,0.673550,1.314480,0.473450,-0.715478,0.401458,0,1,1,0
-0.033302,0.282386,0.994376,0.853946,1.244302,-1.546585,1.337993,0,0,0,0
0.222195,0.340535,1.402199,0.495271,1.067562,0.120843,0.673434,0,0,1,0
0.538116,-0.481324,0.456009,0.894422,1.460111,0.309285,0.446657,0,0,0,0
0.310003,0.150071,1.201061,0.574418,0.800916,0.165433,0.617838,0,1,0,1
0.035172,0.137115,0.621689,0.036670,-0.204313,0.294431,1.131618,0,0,0,0
0.477515,0.086819,-0.176345,-0.150927,0.423946,0.317724,0.547025,0,1,0,0
0.663420,0.232025,0.333190,-0.023589,0.172297,0.051988,0.323632,0,0,0,0
0.404631,0.485757,0.452287,0.054093,0.649827,-0.412381,0.660390,1,0,0,1
-0.504563,1.440165,0.853697,0.370420,1.005352,-0.248466,0.728913,0,0,1,0
0.259088,0.182261,0.440499,0.010788,0.289305,1.513052,0.327419,0,1,0,0
0.564083,-0.089781,0.613718,0.349498,0.320287,0.857456,0.286610,0,0,0,0
0.085236,1.279862,0.665920,0.634329,0.573022,-0.976884,0.290027,1,0,0,1
-0.513243,1.149745,0.570554,1.141927,0.588274,-1.318394,1.091427,0,1,0,0
0.015357,0.601607,0.508970,0.591675,0.307123,1.064461,-0.025122,0,0,1,0
0.480500,0.427066,-0.347408,0.929502,0.708329,0.813805,0.309099,0,0,0,0
0.530261,0.591289,-0.391710,0.299061,-0.298670,0.743910,0.037889,1,0,0,1
-0.547662,1.298563,0.445229,0.211358,0.051824,-1.362733,1.300277,0,0,0,0
0.022487,0.001692,-0.360008,-0.371890,-0.024322,0.059524,-0.508791,1,0,0,0
0.449233,0.506101,-0.318647,-0.101278,-0.794891,0.113488,-0.167025,0,0,0,0
0.271362,0.169486,-0.952170,-0.211032,-1.605640,0.489223,-0.412316,0,0,1,0
0.036495,-0.157310,-0.320343,-0.930024,-1.613837,-0.139000,-0.905865,0,0,0,0
0.474875,0.477262,-0.064340,-0.446745,-1.192946,-0.606157,-0.500473,0,0,1,0
0.597830,1.057579,-0.100708,0.215879,-1.463036,0.429087,-0.169794,0,0,0,0
0.911126,-0.757865,0.190282,0.176043,-0.862916,2.327308,0.054989,1,1,0,0
0.247402,-0.356616,0.490267,0.127859,0.116019,-0.259975,1.030864,0,0,0,0
0.685221,-0.237150,-0.053288,0.139692,-0.451524,1.174544,0.418481,0,0,1,1
0.671034,-1.361717,0.123563,-0.348890,-0.673365,-0.535780,0.667029,0,0,0,0
0.775365,-0.875524,0.204350,0.400998,0.642059,0.704992,0.444665,1,1,0,1
0.315442,-0.819705,1.208342,0.436786,0.214108,-0.063821,1.165229,0,0,0,0
0.895741,-1.854713,0.543934,0.013277,-0.282503,0.514659,0.380869,0,1,0,0
1.009283,-1.292563,0.133692,-0.324316,-0.437727,0.270498,0.355355,0,0,0,0
0.572595,-0.377907,0.459922,0.317377,0.207458,0.514752,0.321775,1,0,1,0
-0.090349,0.251718,1.078493,-0.102051,0.735052,-1.248008,1.427395,0,0,0,0
0.502796,0.824305,1.224533,0.397087,0.040867,0.097602,0.588345,0,0,1,0
0.859466,-0.584427,0.659212,0.319420,-0.494386,-0.876267,0.342501,0,0,0,0
0.407856,-0.497762,0.842267,0.167602,-0.663058,-0.776835,0.277830,1,1,0,1
0.283819,-0.709350,0.947546,-0.107079,-0.387054,-1.299893,1.524289,0,0,0,0
0.815580,-1.115745,0.117151,-0.021249,0.304754,-0.052585,0.488457,1,0,0,0
0.873629,-1.942589,0.128613,0.692602,-0.620855,0.728612,0.121974,0,0,0,0
0.589279,-0.495549,0.973371,0.090784,-0.491953,-0.879070,0.268657,0,0,1,1
0.021243,0.772732,0.528506,-0.057471,0.145459,-1.611268,1.357492,0,0,0,0
0.290276,-0.295959,-0.085495,0.221793,0.466958,0.780353,0.538263,0,0,0,1
0.948611,-0.829238,0.464560,0.363796,-0.544727,3.328482,0.239083,0,0,0,0
0.495088,-0.449251,0.957469,0.415186,-0.102636,-0.473071,0.288269,1,1,1,0
0.131128,-1.001375,1.254053,0.135852,-0.299111,-1.049168,1.456090,0,0,0,0
0.643030,-0.856399,0.790559,0.231484,-0.149368,0.981249,0.383764,0,1,0,0
0.763910,-1.437886,0.098772,0.316180,0.504171,0.021487,0.061947,0,0,0,0
0.793009,-0.626767,0.558456,0.262860,0.300405,-1.330374,0.247941,1,0,0,1
0.401583,-0.838825,0.953961,0.054634,-1.102470,0.482755,1.045245,0,0,0,0
0.103526,0.040484,0.763921,0.581420,1.261843,-0.698084,0.632326,0,0,1,0
1.035053,-1.610853,0.471936,0.025376,-0.174257,1.220838,0.225361,0,1,0,0
0.363889,-0.643275,1.285503,-0.110689,-0.427035,-0.517285,0.997121,1,0,1,1
0.483752,-1.001887,0.604761,-0.177090,-0.072801,-1.470042,1.307654,0,0,0,0
0.794361,-0.291159,0.552917,-0.084304,0.173005,0.329448,0.413892,1,1,0,0
0.739696,-1.780993,0.599606,0.276948,-0.161474,-1.178133,0.967083,0,0,0,0
0.611604,-1.103101,0.575014,-0.097142,0.277208,-0.011189,0.319000,0,0,1,1
0.073733,0.029896,0.463633,0.232068,0.349237,-0.924028,1.284861,0,0,0,0
0.196043,0.189550,0.895003,0.673966,1.128105,-0.129211,0.751688,0,0,0,1
0.793918,-0.960352,0.448295,0.425045,-0.079568,5.481579,0.311588,0,0,0,0
0.546869,-0.004858,0.572311,0.386988,0.188794,-0.640649,0.460816,1,1,1,0
0.274589,-0.698524,1.007318,-0.198705,-0.129823,-1.181779,1.457504,0,0,0,0
0.718852,-0.853781,0.929831,-0.088245,-0.009044,0.065137,0.573011,1,0,0,0
0.742475,-1.393749,0.439314,0.887043,-0.030671,-0.706867,0.123522,0,0,0,0
0.618860,-1.522207,0.459129,1.385972,0.123734,0.252160,0.358022,0,1,1,0
0.105276,0.546168,0.648312,0.360044,-0.132400,-0.301616,1.386512,0,0,0,0
0.369628,1.002029,0.642551,-0.040242,0.562521,1.095947,0.370509,0,0,1,0
0.603392,-0.760948,1.056963,0.866200,0.359321,-0.575069,0.249971,0,0,0,0
0.432616,0.083935,1.060427,0.481429,0.830057,-0.186175,0.570733,1,1,0,1
0.402184,-1.062969,0.978842,0.444846,-0.204261,-0.765221,1.221504,0,0,0,0
0.752902,-1.085306,0.164647,0.019754,-0.115906,0.184776,0.536895,0,1,0,0
0.890620,-0.971083,0.321718,0.036256,-0.341787,1.810083,0.222094,0,0,0,0
0.452312,-0.122767,0.744321,0.146972,0.906281,0.087136,0.303245,1,0,1,0
0.023296,0.737102,0.871201,-0.134192,1.034733,-0.459360,1.131148,0,0,0,0
0.235639,0.434942,0.568334,0.050467,0.410923,1.823974,0.660948,0,0,1,0
1.015623,-0.630915,0.515078,0.324708,-0.452851,1.094199,0.333314,0,0,0,0
0.390357,0.197566,1.015853,0.451345,0.021970,0.031122,0.331836,1,1,0,1
0.231329,-0.821860,1.174645,-0.180002,-0.566559,-1.687218,1.223373,0,0,0,0
0.573333,-1.265281,0.806902,0.149336,0.237901,-0.394591,0.541507,1,0,0,0
0.759592,-0.507741,0.639269,0.686172,-0.017036,-0.467499,0.264410,0,0,0,0
0.620925,-0.297598,0.096877,0.267921,0.631779,-0.182828,0.092557,0,0,1,1
0.485473,-1.021022,0.802516,0.242010,0.250921,-1.016716,1.043649,0,0,0,0
0.607716,-0.572633,0.722077,-0.147140,0.326527,-0.258320,0.290148,1,1,0,0
0.578346,-1.376347,0.475167,0.727824,0.115179,-0.584052,0.789951,0,0,0,0
0.450518,-0.189440,0.222161,-0.158037,-0.080117,1.252492,0.514056,1,0,0,1
0.206748,-0.616394,0.809435,-0.573069,-0.966387,1.538321,1.269852,0,0,1,0
0.489011,-1.299628,-0.000071,-0.220884,-0.039490,-1.047585,0.743108,0,1,0,0
0.907263,-0.933320,0.780365,-0.042381,-0.951648,-0.199942,0.649707,1,0,0,0
1.184311,-0.696769,-0.105167,-0.237510,-0.105516,-1.606622,0.512065,0,0,1,1
0.034027,-0.245991,0.555004,0.443113,0.206239,-0.897752,1.222869,0,0,0,0
0.355270,-0.765816,1.022957,0.025054,0.924546,1.590617,0.490026,1,1,0,0
0.684046,-1.336393,0.663082,0.206465,-0.876259,1.276503,0.638168,0,0,0,0
0.629211,0.001767,0.341645,0.813731,0.724723,0.685008,0.340829,0,1,1,1
0.234829,-1.017733,1.094094,0.231558,0.141054,-1.286610,1.295628,0,0,0,0
0.714300,-1.273448,0.416044,0.004043,0.709548,0.772056,0.416530,0,0,0,1
0.893690,-1.138372,0.455210,0.257709,-0.696535,1.399964,0.147099,0,0,0,0
0.663774,-0.524696,0.058784,0.529527,0.976058,-0.003148,0.255554,1,0,1,0
-0.249997,0.438200,1.307856,0.312868,-0.312000,-0.788549,1.451324,0,0,0,0
-0.013683,0.299832,1.341436,0.770548,1.564843,0.265109,0.802355,1,0,0,0
0.853535,-1.131612,0.473747,0.709141,-0.666887,-0.018372,0.240724,0,0,0,0
0.622745,-0.500817,0.284786,0.575932,-0.125558,-1.098104,0.228096,0,1,1,1
0.469013,-0.975119,0.849951,-0.264020,-0.347697,-1.675902,1.230307,0,0,0,0
0.781851,-1.277903,0.039573,0.451556,0.192938,-0.302140,0.500032,0,0,1,0
0.968941,-1.288691,0.475946,0.128871,-0.638759,1.516125,0.087835,0,0,0,0
0.810093,-0.249945,0.525162,0.457512,-0.262102,0.075010,0.084938,1,1,0,0
0.100171,0.225382,0.433879,0.578676,1.029886,-1.143348,1.218124,0,0,0,0
0.206275,0.515304,0.560547,0.036091,0.155346,1.400638,0.536280,0,1,0,0
0.801582,-0.784459,0.124020,0.534380,0.533181,0.986467,0.161671,0,0,0,0
0.527312,-0.422938,0.432908,0.494583,0.408579,-1.083502,0.195602,1,0,1,1
0.202596,-0.477771,1.440391,0.348945,0.048103,-0.569296,1.426663,0,0,0,0
0.655274,-1.359693,0.414148,0.378437,0.099021,0.154210,0.572978,0,0,0,1
0.993084,-1.760611,0.611128,0.312377,0.249309,1.085802,0.159307,0,0,0,0
0.790619,-0.871750,0.850856,0.233282,0.268147,0.357144,0.207973,1,1,0,0
0.413863,-0.873854,0.929260,0.272387,-0.191048,-1.330271,1.210248,0,0,0,0
0.201260,0.013549,0.804980,0.695494,1.554425,0.304779,0.652628,0,0,1,0
0.975750,-1.669181,0.263721,0.318354,-0.220655,-0.267447,0.019361,0,1,0,0
0.193841,-0.433057,0.499515,-0.095748,-0.260723,0.111876,1.020688,1,0,1,1
0.462694,-0.728753,0.834286,0.005796,-0.093851,0.105528,1.211139,0,0,0,0
0.780031,-1.430903,-0.119208,-0.031262,0.362322,-0.397122,0.521089,0,1,0,1
0.779149,-1.412057,0.671260,0.430584,-0.071913,-0.814673,0.910722,0,0,0,0
0.607315,-1.205337,0.587874,0.742482,0.295226,0.365643,0.475143,1,0,1,0
0.066576,0.442294,0.767641,0.103805,-0.239568,-0.040374,1.329713,0,0,0,0
0.468177,0.303947,0.209456,0.362118,0.462523,2.644030,0.407132,1,0,0,0
0.807708,-1.601665,0.470738,0.887214,-0.120128,0.569081,0.336901,0,0,0,0
0.475226,-0.180269,0.875359,0.675344,0.434349,0.667528,0.350551,0,1,1,1
0.517060,-1.052499,0.957934,0.249254,0.211310,-0.494953,1.186867,0,0,0,0
0.558240,-0.964378,0.845011,0.522486,0.368465,0.640155,0.518421,0,0,1,0
0.902743,-1.282860,0.630802,0.968248,0.341817,-0.801942,0.515091,0,0,0,0
0.624444,-0.635795,0.467191,1.296340,0.789589,0.078496,0.470563,1,1,0,0
0.124208,0.202069,0.945150,0.666668,0.435234,-1.689182,1.374305,0,0,0,0
-0.021821,0.251256,0.887187,0.422144,0.504561,-0.163457,0.753791,0,1,0,0
0.983894,-1.706849,0.948786,0.963888,0.237025,1.284483,0.461640,0,0,0,0
0.376737,0.118939,1.114905,0.798824,0.674569,-0.649562,0.526139,1,0,1,1
0.523009,-1.160457,0.765447,0.247470,0.003568,-1.815139,1.114547,0,0,0,0
0.770297,-0.946827,0.138167,-0.081146,-0.365460,-0.302983,0.562944,0,0,0,1
0.725367,-1.144801,0.695534,0.627362,0.230237,0.999128,0.394861,0,0,0,0
0.619905,0.053570,0.457152,0.282583,0.559537,-0.187121,0.551672,1,1,1,0
0.004701,-0.715201,1.408317,-0.018335,-0.354682,-0.857674,1.645182,0,0,0,0
0.722483,-0.708391,0.526315,0.418756,-0.097020,1.564398,0.632000,0,1,0,0
0.854375,-1.385160,0.713571,0.757505,0.425262,-0.391222,0.280111,0,0,0,0
0.376941,-0.148765,1.144357,0.916307,0.373325,-0.213670,0.210057,1,0,1,1
0.298408,-0.966088,1.146325,0.718068,0.116920,-1.659491,1.380531,0,0,0,0
0.662569,-1.137626,0.646846,0.329285,0.635868,0.321175,0.555578,0,0,1,0
0.929413,-1.305032,0.411380,0.866525,0.268265,-0.332914,0.153242,0,0,0,0
0.590270,-0.477183,0.071232,0.201772,0.332305,0.611954,0.168586,0,1,0,1
0.244887,-1.344373,0.952330,-0.116657,-0.083621,-0.491339,1.288958,0,0,0,0
0.548220,-0.532775,0.820312,0.152608,-0.116617,0.087110,0.579394,1,0,0,0
0.992753,-0.743508,0.227962,0.071746,-0.613412,0.593019,0.322414,0,1,0,0
0.241434,-0.471521,0.195719,0.077678,-0.650574,-0.404283,0.928960,0,0,1,0
0.710139,-0.567258,1.078876,0.056390,-0.016641,0.997694,0.750458,0,0,0,0
