subbeat_idx,mfcc0,mfcc1,mfcc2,mfcc3,mfcc4,onset,lane0,lane1,lane2,lane3
0,-459.344727,0.000000,0.000000,0.000000,0.000000,0.000000,0,1,0,1
1,-25.629957,114.560959,-28.517269,67.044998,-39.708389,0.981489,0,0,0,1
2,-61.066254,139.280273,-47.153305,41.675579,-30.184214,1.144363,0,0,0,1
3,-125.891113,133.320496,-64.126213,13.309454,-19.030071,0.993799,0,1,0,1
4,-18.433498,119.321121,-28.886892,64.864105,-40.966949,0.848801,0,1,0,1
5,-27.054787,121.985352,-21.748577,40.413525,-17.690811,1.660824,0,0,0,0
6,-130.397537,198.069489,-13.611343,23.686880,-16.050446,1.066880,0,0,1,1
7,-229.524811,151.001404,-9.975895,16.029293,11.315048,1.172463,0,0,0,0
8,-277.340637,143.799103,1.713537,1.287345,16.991629,0.601554,0,0,1,1
9,-239.649338,193.401215,21.842651,-14.826633,1.967716,0.961109,0,0,0,0
10,-330.458893,115.500473,18.027500,-1.063502,9.697874,0.538072,0,0,1,1
11,-351.809387,102.490204,22.806908,-3.245922,3.601985,0.462016,0,0,0,0
12,-318.487976,149.865875,52.281044,-9.445082,-13.402822,2.151454,0,0,1,1
13,-380.050568,82.127968,25.299118,-6.820967,-5.706788,0.608466,0,0,0,0
14,-389.221313,75.377396,34.105927,5.002828,0.591285,0.325336,0,0,0,1
15,-255.797318,70.528740,-23.848198,4.756652,-19.061617,0.603059,0,1,0,1
16,-84.168938,66.456184,35.377102,48.225014,-9.421789,1.877524,1,1,1,1
17,-114.490982,135.805634,-33.272255,63.398392,4.220751,0.624402,0,0,0,0
18,-135.466583,125.044128,-25.188658,64.493156,-3.081788,0.476357,0,0,0,1
19,-127.424683,120.502197,-38.998268,51.251984,-9.446337,2.729462,0,0,1,0
20,-119.649681,128.790253,-43.993477,60.698082,-9.247330,1.611593,0,0,0,1
21,-121.496414,137.683258,-45.951111,52.166553,-22.267227,0.652204,0,0,0,0
22,-94.792900,116.709930,-24.950611,57.577209,-38.710686,2.698035,0,0,1,0
23,-73.126572,132.407166,-44.595669,45.048698,-16.489700,2.116035,1,1,0,0
24,-101.975014,62.986412,44.073128,62.621471,-2.836364,2.695097,1,1,1,1
25,-118.815643,129.232056,-34.808826,62.093021,3.149750,1.188151,0,0,0,0
26,-122.744202,117.142021,-29.291767,65.120972,-7.075681,0.577443,0,0,0,1
27,-116.173767,103.564865,-37.807152,50.097904,-11.322008,2.660017,0,0,1,0
28,-97.124359,99.695442,-38.937241,64.790955,-17.355476,1.582582,0,0,0,0
29,-88.125305,102.822464,-31.843967,54.397743,-33.250397,0.894460,0,0,0,0
30,-66.118401,90.103531,-28.296535,69.383118,-40.835999,1.427121,0,0,1,0
31,-44.231136,90.903206,-37.957008,70.754089,-29.288517,0.708106,1,0,0,0
32,-50.846962,46.146931,-43.039665,65.052765,-39.036118,0.982632,1,0,0,1
33,-31.371243,109.628098,-22.887356,66.997833,-32.689091,0.945337,0,0,0,1
34,-44.948566,127.655853,-34.631721,39.058777,-30.989140,1.304073,0,0,1,0
35,-88.403961,138.566406,-39.550205,29.442726,-22.013056,0.812787,0,1,0,1
36,-29.060295,118.989258,-33.253174,69.052628,-37.045204,0.974446,0,0,0,1
37,-78.294090,140.607483,-11.864531,58.328964,-2.095503,0.926683,0,0,0,1
38,-100.161003,195.660797,13.576933,44.925220,-18.354580,1.123597,1,1,0,0
39,-197.933029,125.169083,-7.611785,33.077629,-4.961523,0.790436,0,0,0,1
40,-220.222763,122.677795,-0.882363,27.531178,-5.691593,0.923762,1,1,0,0
41,-208.627655,165.974609,19.828373,27.748196,-14.009186,1.699067,0,0,0,0
42,-282.467621,107.665070,11.636138,32.543900,1.112259,0.955013,1,1,0,0
43,-308.159637,102.243515,14.953911,25.762188,10.935648,1.000751,0,0,0,0
44,-310.932800,123.045105,34.756813,27.005299,8.344158,1.437358,1,1,0,0
45,-351.270752,88.278671,23.181561,18.467983,7.827129,0.767191,0,0,0,0
46,-361.810913,90.530411,38.676083,25.567327,12.656368,0.930633,1,1,0,0
47,-254.731659,86.528343,-8.736113,14.267380,-6.200437,0.468139,0,1,1,0
48,-101.427826,61.621895,32.346352,59.117348,0.259363,0.356144,1,0,1,0
49,-26.790382,105.604874,-15.264347,64.200729,-30.386841,1.115978,0,0,1,0
50,-5.467610,114.768417,4.087801,57.161301,-23.102699,0.986862,0,0,0,1
51,-380.103455,78.476639,15.887951,-16.074825,-11.101381,0.356281,0,0,0,0
52,-407.317871,55.673561,20.987793,0.446455,-0.694891,0.719080,0,0,0,0
53,-418.508026,46.509964,21.061893,-1.584552,-10.562396,0.542105,0,0,0,0
54,-436.342407,26.950256,13.374527,-0.835579,-8.935051,0.433486,0,0,0,0
55,-448.819275,13.121935,8.794383,4.144149,1.239833,0.239584,0,0,0,0
56,-351.029327,53.006847,-40.295334,-15.300468,-4.933921,0.147215,1,1,1,1
57,-42.905376,106.462738,-35.754288,68.662857,-38.882843,0.926905,1,0,0,0
58,-59.103428,132.711121,-5.775591,39.245201,-16.167702,0.703867,1,0,0,0
59,-134.971664,130.825790,15.314629,4.056010,-20.034084,0.763043,0,0,1,1
60,-205.364258,58.562294,-1.860873,38.956680,-12.699615,0.193180,1,0,0,0
61,-91.343628,110.418991,-6.781927,26.276762,-22.424438,0.795703,1,0,1,0
62,-127.533249,71.991745,8.793915,60.901138,-7.038234,0.502248,0,0,1,0
63,-53.249340,65.914917,3.492865,47.926491,-45.674995,0.233110,0,0,0,0
64,-43.292274,40.556736,-1.759067,43.611790,-21.291973,1.762505,1,1,0,1
65,-7.535484,102.702797,-26.784763,59.059162,-42.605133,0.897493,0,0,0,1
66,10.728527,116.131409,-28.184250,42.466404,-39.135162,1.018318,0,1,1,1
67,-61.822956,103.623077,-29.845791,34.921535,-32.643417,0.925673,0,0,1,0
68,-33.132217,124.056488,-32.930874,27.394785,-20.255796,0.755846,1,1,0,0
69,-66.755714,113.001755,-39.450619,35.690659,-30.052658,0.788817,0,1,0,0
70,-47.664364,115.914154,-22.443657,43.080238,-17.277632,0.739683,0,1,1,0
71,-80.275513,114.323677,-34.110504,39.804539,-26.644278,0.793162,0,0,0,0
72,-39.889652,97.594269,-29.023548,33.214470,-15.499076,1.536612,0,1,1,0
73,-66.901581,118.121193,-23.657621,36.384300,-4.629961,0.784404,0,0,0,0
74,-66.141876,124.446770,-20.421537,38.678123,-21.718018,0.714049,1,1,0,0
75,-92.806740,106.943611,-32.310642,25.625542,-14.552370,1.061926,1,1,0,0
76,-68.498131,125.728699,-48.801437,34.350067,-12.838765,0.788660,0,0,1,0
77,-98.818604,109.104156,-37.135529,14.545534,-13.538620,0.708934,0,0,0,1
78,-92.018600,125.649445,-25.750641,35.218277,-16.029024,0.724430,1,1,0,0
79,-111.826744,110.082520,-27.066124,29.452528,-24.615208,1.025971,0,0,0,0
80,-63.212849,82.079742,-17.452801,26.069733,-12.384796,0.950586,0,1,1,1
81,-68.462990,142.391083,-27.567253,25.080406,-12.448162,0.944859,0,0,0,1
82,-70.144943,129.054550,-45.611691,27.861000,-22.272038,0.608922,1,1,0,0
83,-103.374619,102.150665,-25.210365,15.471630,-3.608392,0.943931,0,0,1,0
84,-85.674950,120.050278,-52.056953,18.016552,-22.690166,0.843978,1,1,0,0
85,-103.555382,105.443832,-47.206261,20.583597,-14.399540,1.668466,0,1,0,0
86,-97.279701,124.644394,-31.040215,17.896919,-14.720871,0.526296,0,1,1,0
87,-114.602829,104.512299,-41.113258,30.010178,-5.002856,0.461540,1,0,0,0
88,-59.287445,97.031044,-15.766296,18.199463,-19.361134,3.663196,1,1,0,0
89,-86.791855,118.048264,-37.304977,38.146576,-3.063899,0.891917,0,0,1,0
90,-70.387665,124.890137,-37.695152,17.396519,-27.872307,0.426695,1,1,0,0
91,-116.492775,93.631836,-48.553192,24.200478,-14.444263,0.650678,1,1,0,1
92,-71.138847,112.670273,-31.391678,26.775513,-35.048149,0.658218,0,0,1,0
93,-99.740685,101.734451,-51.583061,21.878880,-23.806480,0.538931,0,1,0,0
94,-81.083702,71.831284,-60.857159,24.064693,-50.858124,0.670571,1,1,0,0
95,-117.447220,72.209030,-42.738205,10.658916,-29.551685,0.829605,0,1,0,1
96,-40.883732,54.661232,-36.554382,35.851353,-19.277031,2.124806,0,1,1,1
97,-55.237915,127.663902,-28.997761,33.584610,-7.622090,0.782709,0,0,0,1
98,-39.944313,129.203094,-37.836807,25.372711,-19.942818,1.326274,1,0,0,1
99,-83.200462,123.775917,-30.864216,28.869717,-11.091682,1.205472,0,1,0,0
100,-48.160923,121.286728,-29.478239,36.611732,-9.818771,0.802544,0,0,0,0
101,-88.429909,99.101410,-36.173183,40.136276,-9.826786,0.809372,0,1,0,0
102,-79.787674,131.978607,-27.732040,31.372015,-12.394382,0.802103,1,1,0,0
103,-107.587479,112.890564,-28.115341,40.990192,-5.627742,1.275835,0,0,1,0
104,-64.777153,100.290771,-14.861516,47.032486,-12.977345,0.568124,1,1,0,0
105,-95.130188,126.191116,-29.608204,40.409023,-9.007273,0.610984,0,0,0,0
106,-106.672737,116.463806,-27.959747,33.773167,-6.833114,0.794127,1,1,0,0
107,-113.327522,95.209915,-39.768433,38.487419,-11.879459,1.378414,1,1,0,0
108,-86.400543,119.266747,-20.913683,41.515972,-14.957659,0.978945,0,0,0,1
109,-118.390495,86.779770,-35.431419,32.308979,-8.896128,1.520376,0,1,0,0
110,-106.481697,107.567383,-34.311676,22.637827,-10.419039,0.490090,1,1,0,0
111,-128.285797,81.891266,-36.437653,40.641983,-8.404675,0.928516,0,1,0,0
112,-53.943924,95.070465,-8.659863,42.851387,-5.762403,3.761961,0,0,1,0
113,-54.874466,129.353333,-19.095081,32.624428,-22.910686,0.845188,1,0,0,1
114,-62.208908,116.209320,-15.327765,39.486221,-16.473476,2.778358,1,0,0,1
115,-73.511795,91.361038,-23.273342,40.859856,-6.273556,0.707063,0,0,1,0
116,-52.114922,98.486450,-9.469983,34.948936,-5.125992,2.368826,0,1,1,0
117,-78.262894,78.398651,-14.226988,32.068611,-9.911206,0.744208,0,0,0,1
118,-47.382351,84.647224,-27.176121,30.837238,-8.936956,2.076599,1,1,0,0
119,-76.509865,66.423080,-23.230156,39.261288,-4.639297,0.604939,0,1,1,0
120,-58.514324,63.764297,-16.974751,54.107887,-7.424932,1.747326,1,0,0,1
121,-431.903961,33.626709,21.161163,8.521698,2.061229,0.239948,0,0,0,0
122,-438.522797,23.950369,11.158397,-0.709285,-5.167065,0.273287,0,0,0,0
123,-441.725677,21.201401,12.257893,3.117939,-1.881612,0.322550,0,0,1,0
124,-226.430099,30.135494,-23.589016,29.262842,-19.747318,0.462375,0,1,1,0
125,-244.009674,53.846565,-25.383078,13.799656,-28.969791,0.577353,0,1,1,0
126,-250.935165,44.345406,-36.308678,14.687325,-31.452967,0.562640,0,1,1,0
127,-121.902588,92.227158,-22.897877,46.189049,-20.547527,0.150191,1,1,0,0
128,-254.603668,111.556831,-12.433321,23.919889,9.756391,0.506682,0,0,1,1
129,-21.053659,85.506454,-16.906120,60.836620,-21.227692,2.279173,0,0,0,0
130,39.309032,102.376709,-22.476534,47.183556,-4.348563,1.695803,0,0,1,0
131,-388.165314,-2.000720,-7.809372,30.088221,-13.086916,5.406137,0,0,1,1
132,-185.514297,110.293396,-22.470524,10.765767,-13.402869,2.809804,0,1,1,1
133,37.426929,112.113174,-20.637674,52.782063,-26.155586,0.573858,0,0,0,0
134,-148.438553,151.563324,3.891762,26.027401,22.077816,0.402678,0,0,1,1
135,-30.595537,110.915497,-6.051575,53.520241,-20.431843,2.442932,0,0,0,0
136,34.057007,106.004578,-38.501183,48.992119,-40.536148,0.768943,0,0,1,0
137,-112.911720,46.849052,-74.303925,22.147280,-52.093796,18.394072,1,1,0,0
138,-48.617691,97.750397,11.948638,69.296844,-17.330524,2.643021,0,1,0,0
139,22.208620,111.242157,-26.550655,46.613693,-0.052383,1.533260,0,0,1,0
140,-377.910675,51.876610,-13.873220,-2.281923,11.014029,0.764997,0,1,1,0
141,24.977396,122.416260,-39.816086,63.508663,-21.672207,1.156421,0,0,0,0
142,11.974544,100.800018,-4.436469,64.043640,-35.690582,2.282608,0,0,0,0
143,-134.541473,43.444298,-76.032349,14.149973,-23.326336,5.507413,1,0,0,0
144,-22.271246,55.430511,-44.183308,42.487492,-47.871895,0.109960,0,1,0,0
145,-57.883255,73.716400,-20.912415,39.156124,-5.817308,2.768656,0,0,0,0
146,-284.010742,103.320251,-41.754311,-2.323378,16.359755,2.117899,0,0,0,0
147,-16.881653,76.926468,-78.475967,-1.328222,-28.359520,1.883673,0,1,1,0
148,-224.848877,92.364372,-23.374245,35.392776,-18.741756,1.114897,1,1,0,0
149,-69.780441,123.670555,-38.899521,34.762375,-19.282997,0.265080,1,1,0,0
150,16.243721,102.406891,-29.139202,72.783707,-2.788746,1.876962,0,0,0,0
151,-97.994385,102.803101,-44.454636,35.577896,-6.027550,0.785821,0,0,1,1
152,-67.824493,146.828003,-10.288061,19.823729,-31.211720,4.546019,0,0,1,0
153,-126.917526,54.152634,-35.853043,68.225281,-68.984207,3.584772,0,0,1,1
154,-87.259277,136.994080,-16.082836,67.071548,-12.261803,3.139333,0,0,0,1
155,-252.394257,23.092413,-11.205383,76.034897,-28.362053,0.017932,1,1,0,0
156,-177.548706,142.577118,16.083357,22.515297,2.107691,0.356556,0,0,1,1
157,14.703890,119.014648,-19.623981,57.857216,-23.025005,0.821069,0,0,0,0
158,-39.003494,131.776398,-10.375963,89.248581,1.738822,1.319103,0,0,0,1
159,-130.195892,131.419739,-11.068578,34.211632,-55.707054,0.052970,0,0,0,1
160,-66.851257,72.578156,-52.414780,-6.190172,-48.793404,2.477587,0,0,1,1
161,-27.433393,107.217148,-5.521659,57.127644,-42.244614,2.576102,0,0,0,0
162,33.845497,102.294922,-34.077248,59.777863,-10.184114,1.077363,0,0,1,0
163,-273.538422,75.172150,-37.664597,5.524652,-14.746843,5.416661,0,1,1,0
164,-233.949661,105.979050,-40.608101,9.417406,-8.632429,2.586369,0,1,1,1
165,24.666250,116.909317,-19.748039,50.411560,-31.988190,0.812695,0,0,0,0
166,-156.338089,153.603485,6.076199,27.801813,11.916921,0.417231,0,0,1,1
167,-26.248032,102.899933,-21.242472,69.768982,-22.689102,2.438401,0,1,0,0
168,21.163324,119.197403,-46.051491,45.314598,-20.721653,0.822070,0,0,1,0
169,-137.793823,56.939163,-30.673401,38.554321,-70.352005,10.479383,1,1,0,0
170,-34.568443,96.085205,-10.904469,73.108643,-13.084968,2.867263,0,1,0,0
171,15.738523,107.458405,-50.030689,64.318054,-18.369587,1.008596,1,0,0,0
172,-254.265717,158.452545,29.174191,7.368281,8.116483,0.802502,0,1,1,0
173,33.415359,114.550629,-24.500221,43.761246,-20.026775,0.686988,0,0,0,0
174,25.647057,98.034821,-34.199936,69.425934,-23.095442,1.166397,0,0,0,0
175,-152.974152,41.736229,-50.053841,40.689682,-79.916412,1.174841,0,0,0,1
176,-45.640099,63.799988,-23.036585,48.838200,-63.701920,1.723023,0,0,1,0
177,12.025825,114.228943,-26.241131,44.778610,-12.418025,2.458495,0,1,0,0
178,-18.172876,133.412323,-49.419716,44.749619,-22.313934,2.046255,0,0,1,0
179,-339.459503,59.101135,29.319180,50.779388,22.656239,0.194324,0,1,1,0
180,-145.346008,103.279526,-34.073082,14.745543,-15.466509,3.497815,0,1,1,1
181,-8.254144,131.792953,-26.722477,51.012024,-16.869526,0.719455,0,0,0,0
182,-15.961612,123.508087,-10.326319,60.575119,-31.373554,1.064744,0,0,0,0
183,-327.920807,85.364120,-23.588757,-8.803025,6.247906,0.524191,1,0,1,0
184,-12.296530,94.632729,-3.849767,51.275581,-25.440697,0.679241,0,0,0,1
185,-303.330383,87.652130,-17.611286,13.815441,12.601351,0.107488,1,0,1,0
186,-21.029181,139.269318,-4.686700,43.849037,-36.405483,1.335742,0,0,1,0
187,-61.007641,133.015472,-17.662924,69.272217,-20.994251,0.728909,1,0,1,0
188,-446.782806,17.743576,17.678791,17.571388,17.422218,0.000000,1,1,0,1
189,-10.542049,123.406898,-14.248730,42.405548,-25.262489,0.476631,0,0,0,0
190,-430.631073,31.727522,18.044830,13.130337,11.594759,0.112512,1,0,0,1
191,-174.214310,167.910614,10.127691,-0.700837,-12.006764,0.324809,0,1,0,0
192,-71.955345,44.055290,-48.823414,24.993195,-46.292118,3.865999,0,0,1,1
193,-28.234541,86.882446,-20.067785,54.431854,-24.484190,1.881623,0,0,0,0
194,28.317112,109.928795,-29.535225,47.476368,-5.673278,1.186520,0,0,1,0
195,-205.202774,41.004814,-57.505230,-4.702269,-49.565342,0.976501,1,1,0,0
196,-31.572964,103.744385,-25.524719,60.734825,-17.398203,3.225553,1,0,0,1
197,-103.716179,130.331024,-54.810966,13.780361,-23.805740,0.890851,0,1,1,0
198,-38.181232,124.734085,-15.180769,37.509918,-22.048885,2.362982,0,0,1,0
199,-137.692551,68.391296,-27.765011,34.127296,-60.662148,0.343434,1,1,0,0
200,-43.405830,108.992859,-22.367699,45.869621,-8.278044,3.342566,0,0,1,0
201,-324.515625,116.668335,4.093240,-21.424507,0.567040,0.641057,0,1,1,0
202,-35.284428,112.479019,-11.814045,50.527908,11.395937,2.807718,1,0,0,0
203,13.821800,104.880119,-5.128708,48.150368,-30.667326,1.007647,0,0,0,1
204,-25.310444,142.055115,-40.270470,56.188263,-11.594233,1.679283,0,1,0,1
205,18.319555,108.575142,-30.199455,52.761707,-24.449083,0.487503,0,0,0,0
206,6.803959,97.097824,-5.644662,57.573692,-7.288981,2.444875,0,0,0,1
207,-146.577789,36.623009,-59.732357,24.868622,-62.463531,6.916260,0,0,0,1
208,-12.550355,76.828232,-59.484573,51.189232,-48.288803,0.339303,0,0,1,0
209,-31.855343,52.909317,-36.560635,52.768074,-16.530792,1.302190,0,0,1,0
210,-156.974472,22.075455,-65.092728,30.221207,-27.981363,1.738189,0,0,0,0
211,-8.498524,78.368484,-76.848831,2.620438,-35.016834,1.359471,0,0,1,1
212,-142.984894,109.594795,-3.676071,30.928640,-13.198429,2.622714,1,1,0,0
213,-25.339354,130.021820,-28.231453,49.290127,-10.345355,0.468570,0,0,0,1
214,-60.432220,126.321304,-2.173809,22.864811,-26.721458,0.576362,0,0,0,0
215,-125.147667,126.851036,-9.743866,27.982548,-9.645491,0.169216,0,0,1,1
216,-159.168274,102.305450,-7.537574,41.279327,-8.983845,2.224411,0,0,0,0
217,-402.513885,59.223663,16.146963,-12.284691,-13.028631,0.140358,1,1,0,0
218,-120.074554,98.729256,-0.297210,40.617100,-13.848635,3.759059,0,0,0,0
219,-266.770142,-17.896061,-52.023693,15.285934,-41.857574,0.119194,0,1,1,0
220,-128.451508,118.656693,-7.734821,35.216454,-19.712399,2.899447,0,0,1,1
221,-51.945374,132.735809,-14.329412,34.966595,-5.518482,0.304581,1,0,0,0
222,-113.834007,89.312897,5.916760,46.150932,-18.291782,0.000000,0,1,0,0
223,-65.796257,96.155731,-101.165230,31.885319,10.635324,0.664779,0,0,0,0
224,-28.059933,82.833496,-28.474354,37.542328,-31.841261,3.198606,0,0,1,1
225,-38.102848,92.081947,-13.424805,75.179581,-7.724599,2.611227,0,0,0,0
226,22.161068,107.274002,-20.303493,50.127068,-19.136158,1.894768,0,0,1,0
227,-311.032166,-5.526787,-28.076044,7.120239,-22.335661,0.872590,0,1,1,0
228,-231.344849,101.762695,-9.530508,6.790476,-2.181739,2.688291,0,1,0,1
229,40.337780,115.922302,-18.112280,50.588890,-28.986065,0.859278,0,1,1,0
230,-54.841133,114.908264,-13.410435,45.350182,-25.288979,2.139766,0,0,1,0
231,-124.215797,60.344078,-53.315002,14.848817,-40.660210,0.695776,1,1,0,0
232,-59.270546,107.074242,-13.892014,37.916954,-17.051865,2.582004,0,0,1,0
233,-109.861565,57.995426,-50.612347,28.715054,-56.299198,8.943688,0,1,1,0
234,-41.841125,106.180107,-9.236360,54.101624,-26.388195,2.989600,1,0,1,0
235,17.987371,107.278076,-31.639071,35.834057,-21.582207,0.881809,0,1,1,0
236,-45.929913,110.853943,-14.267902,36.336609,-6.094371,2.374901,0,0,1,1
237,23.956873,122.373367,-20.225447,64.521454,-35.647411,0.598799,0,0,0,0
238,14.026546,99.741913,-33.511322,74.120514,-20.981297,1.551722,0,0,0,1
239,-158.897858,63.669167,-57.053001,19.195854,-60.493549,0.615946,0,0,1,0
240,-28.511774,49.446701,-32.950394,44.616348,-26.674311,0.875364,1,1,0,0
241,21.395479,94.729103,-8.613363,71.524857,-23.000568,1.636465,0,1,0,0
242,-4.082608,116.382660,-45.337082,43.937122,-20.429554,2.093448,0,0,1,0
243,-179.293961,26.018850,-36.941437,59.731155,-0.232840,0.350464,0,1,1,0
244,-172.989120,86.664055,-26.565285,30.605976,-18.731199,2.603340,1,0,1,0
245,-37.143009,89.270126,-52.775131,59.845428,-40.749451,0.958360,0,0,0,0
246,-89.814758,55.871712,-41.491405,70.836929,-19.572685,1.005245,0,0,0,0
247,-127.095879,-6.619515,-74.290039,44.400970,-41.599892,0.894493,1,1,1,1
248,-135.357880,112.076035,-59.671013,51.716431,3.902519,5.922374,0,0,0,0
249,-114.196396,126.426079,-48.476387,51.355591,-12.232594,0.569727,0,0,0,0
250,-142.091644,124.252731,-40.622467,63.920517,-0.230719,3.291112,0,0,0,0
251,-102.453918,109.131546,-56.216438,67.228554,-10.614298,2.041673,0,0,0,0
252,-97.530281,137.707947,-48.327637,55.134865,-26.917414,0.964105,1,0,0,0
253,-68.624435,122.670158,-38.321381,42.942711,-44.209316,2.361785,0,0,0,0
254,-54.555698,126.114944,-90.754333,37.898354,-10.386990,1.211970,0,1,1,0
255,-422.459961,8.915587,-8.833721,30.118950,24.093258,0.078511,0,0,0,0
256,-78.991158,63.471508,-36.205032,17.733833,-69.507278,6.428795,1,0,1,0
257,-35.023331,96.712975,-13.824795,62.481277,-22.049965,1.985161,0,0,0,0
258,-31.673187,113.241379,9.255554,62.122025,-10.410459,1.605948,0,0,0,0
259,-39.906517,128.654022,8.059456,87.809296,-15.583774,1.388480,1,0,0,0
260,-127.089622,161.363083,-19.182182,8.067388,9.868252,0.838949,0,0,1,1
261,-166.584717,106.590790,-43.804062,3.951792,-30.274729,0.369843,0,1,1,0
262,-61.697495,117.327255,-13.192286,39.917374,-18.665211,2.178599,0,0,1,0
263,-122.722420,65.808441,-36.711594,36.016876,-54.469437,0.405442,1,1,0,0
264,-51.188709,112.478561,-26.069601,42.790382,-19.515293,2.739789,0,0,1,0
265,-236.048874,126.516373,-45.017265,-11.744106,-16.087643,0.452805,0,1,1,0
266,-41.945438,104.456902,-17.460077,55.009056,-20.962349,2.429170,1,0,1,0
267,5.010052,108.305725,-10.291832,51.581593,-32.481400,1.125224,0,0,0,0
268,-21.207045,146.890686,-30.309343,38.301682,-20.718918,2.582185,0,0,1,1
269,35.745430,108.830856,-22.515511,32.153095,-17.717587,0.658170,0,0,0,0
270,15.369809,104.530273,-30.793949,72.583160,-26.425453,0.896834,0,0,0,1
271,-134.451935,48.026836,-59.538280,33.872200,-68.682503,0.869700,1,0,0,0
272,-38.615177,61.639271,-48.305710,49.859970,-53.871830,1.715003,1,1,0,0
273,-58.646175,62.016998,-21.364201,37.190784,-5.566309,2.446567,0,0,1,0
274,-63.728474,67.053009,-31.837828,24.788162,-15.446878,3.467417,1,0,0,1
275,-197.167038,104.803032,-8.496050,15.236807,-1.024940,0.287132,1,0,0,0
276,-116.080261,106.920959,-21.028667,48.938248,6.148755,0.614641,1,0,0,1
277,-172.988693,58.871445,-18.507545,30.350395,-28.002815,0.037226,0,0,0,1
278,-84.556625,84.923553,-36.515823,30.502174,-22.293098,1.539729,1,0,0,0
279,-174.041443,100.850578,-27.373207,33.533745,2.390085,0.322951,0,0,1,1
280,-110.793236,150.451813,7.593980,38.418839,-31.428854,1.320707,0,0,0,0
281,-25.350451,102.659241,31.077732,46.677361,-19.642551,1.831582,1,1,0,0
282,-98.037201,110.319221,26.313976,50.587379,1.088376,3.647765,0,0,0,0
283,-131.653366,93.338455,-30.241869,56.471027,-20.891975,0.884352,0,1,0,0
284,-227.488907,141.129349,14.664047,18.956614,14.382210,2.547252,1,0,1,1
285,-62.044579,137.814423,-4.324701,78.968231,-15.270031,0.870861,1,0,0,0
286,-7.982697,103.984367,-23.013138,35.580532,-10.704949,1.399883,0,1,0,0
287,-79.174614,86.463310,-39.930893,54.263386,-36.393154,1.390224,0,0,0,0
288,-38.141811,70.121857,-37.517124,33.436295,-49.928154,3.546158,0,0,1,1
289,-55.489273,88.342758,6.311799,80.708649,-14.760521,2.278332,1,0,0,0
290,-46.803696,126.000168,16.062496,68.592285,-4.178185,1.736598,0,0,1,0
291,-48.937149,132.518860,21.810001,65.371811,-25.029804,1.020882,0,0,0,1
292,-37.767544,130.698029,-39.593773,30.998177,-13.590065,1.371556,0,1,1,0
293,21.539534,113.785538,-23.722504,69.612305,-31.371254,0.956123,0,1,0,0
294,-33.913158,110.584473,-13.486387,55.196121,-10.567835,2.339137,0,0,1,0
295,-240.781509,47.985992,-23.080414,16.796768,-18.829620,0.583940,1,1,0,0
296,-19.756905,107.031815,-30.961308,42.609352,-25.532314,2.842625,0,0,1,0
297,-289.672882,63.583679,-36.875328,20.329544,-9.065773,0.404618,0,1,1,0
298,-52.747009,131.603043,-14.172978,30.855339,-16.543568,2.855858,1,0,0,0
299,-225.547943,23.009581,-36.069824,31.220802,-40.960197,0.148598,0,0,1,0
300,31.503588,84.493637,-63.091923,54.230125,-38.262001,1.697258,0,0,1,1
301,-187.918625,47.589401,-17.413134,36.946613,-13.224136,0.016562,0,1,0,1
302,-107.392273,127.181122,-1.033015,42.743813,-17.692778,1.611208,0,0,0,1
303,-125.924431,49.352776,-61.364288,19.648783,-42.373978,4.368478,0,0,1,0
304,-19.244146,82.188324,-3.987442,51.503349,-28.108299,0.906562,1,1,0,0
305,26.376526,97.768730,-11.967731,71.001846,-17.951796,2.743134,0,1,0,0
306,3.964868,108.717560,-35.557251,44.919186,-19.272686,2.006762,0,0,1,0
307,-135.307999,76.089539,-26.098820,50.309029,-14.962662,0.575841,0,1,1,0
308,-185.060730,73.061073,-30.040184,33.078430,-15.727018,2.743871,1,0,1,0
309,-28.377209,89.457787,-52.693836,52.214638,-36.962753,0.857078,0,0,0,0
310,-74.411766,69.360703,-37.890129,74.564667,-14.170254,0.891940,0,1,0,0
311,-25.068138,119.033508,-10.732275,65.482803,-40.186138,1.701148,0,0,1,0
312,-268.179749,172.919098,12.501955,-26.195541,30.264820,0.793529,0,0,0,0
313,-279.194305,166.300446,16.952961,-25.936283,22.250538,0.315980,0,1,0,0
314,-277.115814,172.336258,25.856106,-19.061153,28.959946,0.838817,0,0,0,0
315,-310.260956,143.635803,23.912743,-20.210323,16.766411,0.893420,0,1,0,0
316,-311.551575,143.497559,28.026676,-11.891163,26.227665,0.759540,0,0,0,0
317,-308.706238,151.376053,35.885281,-19.792418,-0.195508,0.428995,0,1,0,0
318,-338.361969,121.695648,31.311653,-6.014851,20.063974,0.403896,0,0,0,0
319,-292.016632,135.903351,16.633463,23.567514,30.664272,1.322445,0,0,0,0
320,-21.519072,75.966782,-14.314330,16.339725,-36.643417,4.126893,1,0,0,1
321,-12.733546,100.928543,-18.590164,64.593750,-30.535664,1.218947,0,0,0,1
322,-15.612155,101.881958,-25.497520,66.574554,-28.861542,0.897417,0,0,0,0
323,-41.689442,123.269234,-27.835548,57.461258,-30.742540,1.143934,0,0,0,1
324,-48.295147,125.971802,-17.432247,48.161964,-26.759144,0.967237,0,0,0,0
325,-53.830704,134.882507,-13.883235,68.697449,-20.451958,0.923389,0,0,1,0
326,-61.309689,117.229164,-9.009911,70.371964,-23.725111,0.970190,0,0,0,0
327,-75.995056,127.109756,-13.648461,65.002586,-14.515657,1.005290,0,0,1,0
328,-69.695831,123.360184,-21.434309,74.791687,-9.875243,0.988856,1,0,0,0
329,-85.027985,125.996101,-19.827501,65.251190,-8.325228,1.204987,1,0,1,0
330,-80.288391,129.127914,-18.774828,76.415176,-0.493223,1.170136,0,0,0,0
331,-103.383354,127.208344,-27.049164,67.207199,-2.139689,1.439911,0,0,1,0
332,-93.533829,130.484406,-23.495205,68.409592,-2.001731,0.848091,0,0,1,0
333,-113.330635,146.218506,-28.184204,58.531326,-4.492209,0.949223,0,0,1,0
334,-102.959824,140.155945,-27.131130,53.217896,-10.744492,0.844990,0,0,0,0
335,-130.279724,151.208221,-22.925976,43.689331,-2.917885,0.907094,0,0,1,0
336,-127.286934,153.291321,-26.995293,53.375397,2.628618,0.914616,0,1,0,0
337,-145.530212,166.555878,-25.577299,36.871635,8.628347,1.039639,0,0,0,0
338,-145.979874,163.983826,-27.113880,44.154282,15.195880,0.794495,0,0,0,1
339,-154.241760,171.313263,-21.530073,33.114189,18.721085,0.852525,0,0,0,0
340,-155.200348,172.183365,-22.036903,39.648689,20.258244,0.861972,0,1,0,0
341,-173.547943,182.260880,-19.824640,28.613636,21.734245,0.732471,0,0,0,0
342,-168.060318,189.490814,-18.972334,26.758833,17.878298,1.050870,1,0,0,0
343,-186.624359,189.500580,-9.923785,25.524807,25.556086,0.736931,0,0,0,0
344,-187.456192,187.820206,-13.670002,24.704853,27.045994,0.754436,0,0,0,1
345,-182.058624,191.591080,-0.903361,18.358250,21.904787,1.124554,0,0,1,0
346,-193.135010,192.255173,-1.403451,24.289846,32.772118,0.468279,0,1,0,0
347,-196.808441,194.577057,-3.387613,13.945985,24.920132,0.538432,0,0,0,0
348,-195.365753,193.861267,2.768114,22.108658,24.888702,0.925248,0,0,0,1
349,-190.624817,197.052338,-12.446471,5.254292,34.428436,0.869509,1,0,0,0
350,-195.480423,193.679626,-10.193396,8.392715,27.583889,0.411208,0,0,1,0
351,-198.198883,189.806122,-9.314798,10.832819,28.729202,0.771815,0,0,0,0
352,-26.090628,98.294159,-17.209991,45.955498,-28.613293,3.688903,1,0,0,1
353,-112.991966,177.634796,-31.552479,32.375927,-10.164587,0.801042,0,0,0,1
354,-111.919479,186.441498,-35.214844,26.556301,0.032247,0.935373,0,0,0,0
355,-136.469055,196.158722,-35.092804,29.020130,14.767621,0.841578,0,1,0,0
356,-144.987717,196.394424,-29.609318,27.103062,13.468818,0.518250,0,0,0,1
357,-145.450546,206.823975,-30.514664,12.996174,15.758476,0.964304,0,0,0,1
358,-151.077499,207.415421,-27.297543,12.617105,17.047565,0.699029,0,1,0,0
359,-168.805206,197.593201,-18.642368,18.827316,18.703117,0.566558,0,0,1,0
360,-170.819641,198.549652,-13.109674,24.364498,23.718330,0.800434,0,0,0,1
361,-164.072601,200.326477,-16.963026,18.479671,20.099623,0.601817,0,0,1,0
362,-161.143539,203.803375,-9.105789,27.429634,13.191801,0.927854,0,0,1,0
363,-160.560623,200.305939,-15.545572,21.794228,10.778021,0.532889,0,1,0,0
364,-168.066010,197.443726,-16.106853,17.815006,10.758915,0.670880,0,0,1,0
365,-173.819443,198.800476,-5.588294,23.001358,17.203335,0.700859,0,1,0,0
366,-179.569794,198.652924,-6.141386,16.232967,8.239697,0.534727,0,1,0,0
367,-179.655853,197.568008,-2.564383,20.841343,10.628002,0.748487,0,0,0,1
368,-176.206650,202.915115,2.861448,18.810419,5.001914,0.498756,0,0,1,0
369,-194.730118,199.916656,3.710171,16.708076,25.093506,0.509487,0,0,1,0
370,-189.810211,198.631851,3.132472,20.947266,16.367687,0.636962,1,0,0,0
371,-185.605820,196.120178,-4.509220,17.594448,14.763628,0.295066,0,0,1,0
372,-189.885529,195.844604,3.769117,24.787239,15.834970,0.398707,0,0,1,0
373,-193.374557,191.270386,-8.232859,13.431321,19.952610,0.526289,0,1,0,0
374,-182.855865,197.273865,-7.649833,14.976746,11.326981,0.396713,0,0,0,1
375,-176.154495,198.614365,-7.936101,22.452652,21.500797,0.395535,0,1,0,0
376,-182.850418,198.928909,0.298957,20.712599,16.619104,0.718140,1,1,1,1
377,-152.056015,193.479797,-21.252834,32.618164,17.732929,0.970283,0,0,1,0
378,-170.702927,193.645752,-19.502283,24.273964,27.378967,0.614303,0,0,0,1
379,-181.771561,192.788422,-11.185625,20.954285,22.473309,0.475847,1,1,1,1
380,-149.639175,190.515381,-25.889933,31.419456,14.670914,0.816325,0,0,1,0
381,-169.030472,210.435181,-3.741753,18.420576,20.472614,0.559232,0,1,0,0
382,-173.843430,195.194336,-2.381387,22.825832,6.784100,0.605197,1,1,1,1
383,-41.615131,150.772751,-49.774494,52.254040,-15.275948,0.162506,0,0,0,0
384,-35.541405,158.531128,-43.094959,54.037201,-14.378729,0.227199,0,1,0,1
385,-28.237757,125.369965,-27.851009,50.003891,-11.463608,1.314800,0,0,0,0
386,-24.069975,134.327148,-20.697632,42.574944,-7.319822,0.772596,0,0,0,0
387,-30.315434,132.709106,-21.000227,39.902557,-11.455556,0.815770,0,1,0,0
388,-42.697655,141.076508,-13.404552,34.830563,-7.697816,0.922224,0,0,0,1
389,-37.931561,137.502731,-13.163595,41.869122,0.106143,1.057604,0,0,0,1
390,-55.279423,133.199234,-1.108083,39.824112,2.489051,1.314820,0,0,0,1
391,-61.310837,124.663956,-11.961802,40.845970,0.188644,1.148521,0,0,1,0
392,-65.118660,128.316589,-1.983876,39.729973,-2.817216,0.726061,0,0,1,0
393,-66.117729,121.140617,-4.627872,41.058540,0.454843,1.013739,0,0,0,0
394,-72.386513,123.864136,1.590479,45.346821,-0.708690,0.839251,0,0,1,0
395,-70.368073,124.634583,-4.492444,36.475021,2.301693,1.122247,0,0,0,0
396,-67.036163,132.436462,5.743720,42.922585,3.918906,1.215790,0,0,0,1
397,-66.663071,128.683533,5.964883,38.898140,-0.372954,0.974118,0,0,0,0
398,-73.366463,122.385376,-1.138296,31.045586,-10.372159,0.970689,0,0,0,1
399,-76.889076,126.736740,-0.711625,32.213852,-7.847692,1.046074,0,0,0,1
400,-80.202576,119.686142,-2.546599,35.199883,-6.361546,0.734664,1,1,1,1
401,-73.530922,113.007019,-0.181681,33.124088,-3.544822,1.094340,0,0,0,0
402,-59.842545,114.268356,7.186787,42.806099,0.340015,0.906327,0,0,0,1
403,-57.228992,112.743317,4.183125,35.803032,-2.571909,0.782842,0,0,0,0
404,-62.496128,113.583214,4.378365,33.431175,-4.768466,0.801672,0,0,1,0
405,-64.861771,109.783035,4.443791,36.571823,-1.758227,1.022729,0,0,1,0
406,-61.200794,117.469299,1.132530,32.425259,-4.293399,0.876029,0,1,0,0
407,-67.340851,108.947678,3.691190,38.468941,-1.359234,0.934654,0,0,0,0
408,-64.393211,109.766281,8.997683,43.581161,5.743357,0.855352,1,1,1,1
409,-58.696865,120.915749,4.942546,30.643314,-7.701118,1.233309,0,0,0,0
410,-64.412163,117.132462,5.765790,37.164711,2.867328,0.787502,0,0,1,0
411,-64.528351,113.922699,1.820441,30.844873,-6.676042,0.591678,1,1,1,1
412,-52.977787,117.383316,0.617151,28.987247,-5.411337,1.169049,0,0,0,1
413,-58.934727,114.778290,-1.599633,30.913223,-3.217923,0.680097,0,1,0,0
414,-62.498734,114.512024,6.144918,39.917427,-0.940442,0.664354,1,1,1,1
415,-13.209725,121.500671,-29.415421,40.820946,-8.850827,0.357838,0,0,0,0
416,13.978713,104.940781,-21.729042,35.040779,-22.309528,1.429888,0,1,0,1
417,-43.781956,125.361221,-18.688456,33.471748,-11.866840,1.287142,0,0,0,0
418,-27.384813,121.915436,-5.128924,31.603304,-3.669062,1.037321,0,0,0,0
419,-19.916698,123.964630,-5.355564,37.024651,-3.102069,1.127070,0,0,0,0
420,-31.055000,120.015808,-4.420082,32.476578,-2.677907,0.819150,0,0,0,1
421,-31.136429,122.189308,-1.917427,36.741150,-0.910080,0.931335,0,0,0,0
422,-31.464439,122.426132,8.756653,41.473766,-1.865645,0.948791,1,0,0,0
423,-35.572937,113.590607,0.887145,37.235340,-1.903369,0.924785,0,0,0,0
424,-38.409851,112.999252,1.516304,42.141556,-2.808017,0.734483,0,1,0,0
425,-37.072643,116.263382,-0.681276,41.727722,5.103831,0.966248,1,0,0,0
426,-31.191483,121.793533,4.241089,39.798592,-4.657660,0.913166,0,0,1,0
427,-43.470123,115.326248,3.767005,40.845901,-10.022505,1.096488,0,0,1,0
428,-38.793808,114.529221,0.232891,38.705544,-5.471237,1.138823,1,0,1,0
429,-39.239849,114.066376,7.951256,39.132130,-7.068024,0.986437,0,0,0,0
430,-37.395531,114.472458,0.126912,31.034149,-15.050406,1.145711,1,0,0,0
431,-44.142441,105.560760,-1.077631,37.432373,-7.558001,0.771859,0,0,0,0
432,-37.250401,107.160797,1.931730,36.723839,-11.171858,0.807481,1,1,1,1
433,-67.613342,99.384659,7.124922,36.590118,-3.162073,1.670330,0,0,0,0
434,-41.383743,108.936707,8.840569,39.441048,-7.872206,1.102740,0,0,0,0
435,-45.091381,100.062004,-1.201082,33.241508,-4.473262,1.070288,0,0,0,0
436,-46.705784,102.486473,-0.690395,34.571411,-5.282914,0.723019,0,0,0,0
437,-49.991928,100.769699,1.874224,30.123501,-10.490932,1.092018,0,0,0,0
438,-51.148945,97.615784,-1.472429,35.793152,-5.785464,0.911185,0,0,0,0
439,-43.338951,111.490097,4.502191,36.079365,-9.093710,0.797834,0,0,0,1
440,-50.621059,99.316551,2.786397,33.975208,-8.769927,0.917290,1,0,1,1
441,-37.957901,118.375885,0.194470,33.586159,-14.312191,1.148876,0,0,0,0
442,-49.567883,100.407784,-4.997267,28.753174,-9.024145,0.613330,0,0,1,0
443,-44.869183,104.878456,1.067885,36.529072,-5.977073,0.722262,1,1,1,1
444,-43.348465,109.525757,-5.278533,35.783936,-6.653182,0.820799,0,0,0,1
445,-43.009045,106.560631,-2.517878,28.016159,-7.539998,0.974576,0,1,0,0
446,-51.192944,103.220596,2.700511,37.424583,-6.409294,0.600875,1,1,1,1
447,-19.084385,117.464203,-42.988167,45.555321,-29.666748,0.687621,0,0,0,0
448,31.741524,78.689644,-29.982647,55.925678,-15.801659,1.303274,0,0,1,1
449,9.507696,105.245987,-18.155130,54.641716,-33.488213,0.966637,0,0,0,1
450,25.661394,122.965836,-21.090641,36.520542,-34.316246,0.845430,1,0,0,0
451,-25.439823,119.718895,-29.573433,26.403763,-33.387894,0.670338,0,0,0,0
452,-40.674522,116.348465,-31.954016,29.834953,-16.899338,0.724006,0,1,1,0
453,-19.562431,120.917587,-22.025101,39.344658,-20.728418,1.228319,0,0,0,0
454,4.136054,121.815216,-22.979675,26.516380,-23.525791,0.981344,0,0,1,0
455,-60.610130,117.945335,-35.583366,24.223915,-26.595123,1.002403,0,0,1,0
456,-39.156620,93.541031,-31.849880,29.070709,-18.611797,1.120956,0,1,0,0
457,-32.781925,121.118782,-19.992977,35.559044,-4.865784,1.022978,0,0,0,1
458,1.290911,124.900856,-26.525139,28.647881,-22.465191,0.711051,0,0,0,1
459,-71.838127,117.096848,-33.732361,20.475586,-19.964947,0.537548,0,1,0,0
460,-73.553246,105.543571,-61.318764,23.090330,-22.069302,0.821997,0,0,1,0
461,-55.380047,118.550049,-22.693115,34.441704,-7.052295,0.845188,0,0,0,0
462,-3.522311,135.970215,-13.528215,21.960121,-26.000299,1.143890,0,0,0,1
463,-92.616425,119.899521,-36.020496,9.366980,-29.668297,0.617109,0,1,0,0
464,-57.883770,92.805298,-11.622724,25.729355,-10.760283,2.317112,0,1,1,1
465,-32.108002,136.170410,-20.934784,30.957367,-14.797564,1.100525,1,0,0,0
466,10.278105,127.097885,-17.889576,32.197472,-15.984959,0.933676,1,0,0,0
467,-84.816917,123.606789,-28.188965,12.342197,-12.903313,0.656783,0,0,0,0
468,-89.408310,116.994263,-51.968361,15.078684,-23.678062,0.736379,0,1,1,0
469,-38.434933,117.999733,-25.072365,26.665905,-12.016897,1.547545,1,0,0,0
470,-1.291518,119.316566,-11.911236,30.179258,-16.053295,1.136777,0,0,1,0
471,-93.338913,113.074440,-39.314339,8.641848,-12.466242,0.812027,0,1,0,0
472,-64.715225,81.907715,-19.893848,14.839211,-15.399421,1.801866,0,1,1,0
473,-56.843971,124.877472,-31.982483,44.317390,-6.790580,0.599846,0,0,0,1
474,-1.075747,128.033447,-19.766592,29.706322,-29.795050,0.563635,0,0,0,1
475,-81.174995,105.998734,-50.410049,23.296135,-25.550194,0.597089,0,1,0,0
476,-88.307892,94.553818,-50.077465,26.892952,-38.000507,0.728082,1,1,1,0
477,-47.689995,121.335556,-27.696486,38.555176,-19.012800,1.057945,1,0,0,0
478,6.958395,122.283432,-18.023933,42.954086,-23.543568,0.582245,0,0,0,0
479,-14.311834,130.969910,-19.599392,50.744148,-37.237152,0.908255,0,1,0,0
480,-41.128876,54.009495,-35.625080,36.786942,-24.124096,1.003587,1,1,1,0
481,-42.540295,131.661011,-19.983917,44.437069,-10.846033,0.928076,0,1,0,0
482,-23.446419,132.021988,-14.735849,39.563751,-15.160727,0.798811,1,0,0,0
483,-39.173248,143.196014,-13.735192,38.446461,-14.865112,1.064463,0,1,0,0
484,-16.782005,141.047989,-24.459015,39.666039,-14.127963,0.632817,0,0,0,1
485,-48.736202,127.048576,-23.264793,42.429390,-17.634205,0.851932,0,0,1,0
486,-35.933884,132.149017,-22.880096,58.792374,-18.972048,0.572192,1,0,0,1
487,-57.853405,137.767181,-24.451839,38.451763,-18.754738,1.371088,1,0,0,0
488,4.463980,130.605835,-12.037184,27.816458,-12.139122,1.238695,1,0,0,1
489,-48.322540,126.519081,-29.382349,37.546471,-23.600924,1.307392,0,1,0,0
490,-28.631517,137.318375,-11.979389,49.096470,-5.163594,0.545345,1,0,0,0
491,-55.278042,129.484741,-30.371681,37.129356,-31.829935,1.627672,0,0,1,0
492,-22.932373,126.427338,-26.084995,28.527988,-18.713551,0.487947,1,0,0,0
493,-53.694592,131.570465,-34.991589,26.722462,-19.335997,1.149628,0,1,0,0
494,-46.521023,115.834122,-23.051867,52.461906,-18.462431,0.509539,1,0,0,1
495,-65.332420,118.199661,-23.741760,27.684135,-26.534252,0.656153,1,0,0,0
496,-20.944607,109.631050,-17.406647,29.542080,-2.230584,0.711451,1,0,0,1
497,-33.171112,132.332169,-15.449625,42.770668,-25.478794,2.037417,1,0,0,0
498,-46.847614,113.669685,-9.562588,39.159203,-5.372213,0.544017,0,0,1,0
499,-31.763731,112.489395,-18.405415,40.223404,-8.648220,2.160961,1,0,0,0
500,-40.924187,98.565750,-16.856546,37.019974,-5.522599,0.466411,0,0,0,1
501,-48.205486,108.565094,-2.618648,28.404285,-15.237086,1.916432,1,0,0,0
502,-49.799755,78.835999,-35.563599,32.055168,-8.261980,0.672548,0,0,0,1
503,-53.490356,102.488930,-12.082682,35.592010,-23.916512,1.534729,1,0,0,1
504,-21.047342,87.131821,-13.075302,50.334633,-16.384150,0.742225,0,1,1,0
505,-441.672333,24.460371,22.999840,20.970264,18.826923,0.159105,0,0,0,0
506,-453.025055,8.433155,7.022082,4.982903,2.702207,0.126300,0,0,0,0
507,-446.192657,17.552063,14.653099,10.559223,6.136127,0.205381,0,0,0,0
508,-454.808014,6.230530,5.693063,4.856109,3.798815,0.066336,0,0,0,0
509,-451.608246,10.483491,9.191927,7.288371,5.078664,0.236356,0,0,0,0
510,-456.879791,3.325140,2.867321,2.181376,1.367656,0.056747,0,0,0,0
511,-451.191772,11.217096,10.318538,8.947428,7.269080,0.118013,0,0,0,0
512,-454.380890,6.836642,6.307487,5.491599,4.476299,0.094790,0,0,1,1
513,-16.287672,91.840248,-17.151876,63.220783,-19.972923,2.439411,0,0,0,0
514,31.413441,100.071602,-29.071587,44.625179,-16.368397,1.143405,0,0,1,0
515,-442.695007,19.755800,12.550211,8.198803,7.745999,0.105221,0,0,1,0
516,-66.359528,141.414398,-52.809391,26.426750,-22.121313,0.952383,1,1,0,0
517,-198.890396,158.633453,-33.824417,-1.476399,-9.666067,0.387286,0,0,0,0
518,-302.980316,119.775375,-16.524338,-25.369240,-1.061697,0.694043,1,1,0,0
519,-418.939697,40.662361,32.216103,36.713715,32.894882,0.094788,0,1,0,0
520,-138.466415,78.673386,-32.422989,82.024109,-11.121878,0.589247,0,0,0,0
521,-156.526459,32.835953,-11.662219,40.966965,0.642846,0.606296,1,1,0,0
522,-329.648834,60.999924,10.729851,47.895252,32.593109,0.381037,0,0,0,0
523,-140.383850,82.895721,-59.957436,69.323631,15.816792,0.727749,0,1,0,0
524,-82.101578,76.814438,-51.436127,49.719925,-24.994081,0.490671,0,1,1,1
525,-68.030922,76.827301,-26.435085,39.399933,-24.800560,0.091180,0,0,1,0
526,6.126806,84.375244,-31.836594,40.821091,-21.881596,0.972969,0,1,0,0
527,-27.927937,75.614624,-49.126656,31.606440,-20.758610,1.511705,0,0,1,0
528,-42.903526,56.741917,-36.950256,61.100811,-47.297600,2.735246,1,1,0,0
529,-59.445591,61.013321,-24.022717,36.906979,-3.401059,2.555408,0,0,0,1
530,-414.170532,42.103706,17.070690,18.141472,19.916319,0.110683,0,0,0,1
531,-97.493340,92.058044,-40.881439,40.841423,-14.002131,3.063279,1,1,0,0
532,-119.377571,54.961243,-13.458958,18.500586,-15.595966,1.998640,0,0,0,1
533,-66.700348,128.165527,-40.989769,34.290215,-12.493425,0.448721,1,1,0,1
534,-263.664246,5.342927,-9.514317,94.735596,1.838881,0.068995,0,0,0,0
535,-263.516602,80.542267,10.608496,35.438171,1.786379,0.040124,1,1,0,0
536,-99.939163,56.729961,-37.870834,59.491516,-21.230778,1.016277,0,0,0,0
537,-54.025639,79.674011,1.159833,47.419060,-13.983099,1.473948,1,0,0,0
538,-122.840324,151.620514,-41.455780,6.601618,-8.078447,1.584826,0,1,0,0
539,-88.515640,108.251678,-35.772106,44.239258,7.624046,1.439886,1,1,0,0
540,-305.115417,145.919205,39.515671,11.191837,14.182389,1.132724,0,1,1,0
541,24.375523,119.670822,-25.309643,52.777466,-19.069210,1.247385,1,0,0,0
542,-28.281288,140.013214,-6.781228,56.373974,-7.905305,1.288821,0,0,1,0
543,-448.922211,14.729300,14.698215,14.646523,14.574411,0.057828,0,0,0,0
544,-57.598576,48.531525,-52.357391,23.463837,-42.875740,6.057667,0,0,1,1
545,-43.422565,83.641174,-15.700626,56.695164,-10.945395,2.718780,0,0,0,0
546,31.052729,114.348335,-21.917292,60.566456,-20.524845,1.647310,0,0,1,0
547,-449.019958,14.484094,14.171005,13.761610,13.373111,0.195248,0,0,0,1
548,-58.776573,143.477875,-43.341942,29.428339,-10.397749,0.917533,1,1,0,0
549,-101.270073,121.608215,-64.127136,19.824558,-19.213390,0.791316,0,0,0,1
550,-145.241684,132.411087,-1.375288,28.321907,6.336585,0.659106,1,1,0,0
551,-413.441284,50.123360,35.638535,33.549252,30.589287,0.051908,0,1,0,0
552,-143.719681,84.798309,-30.155701,76.265053,-10.762957,0.599903,0,0,0,0
553,-151.959763,35.962662,-22.619385,29.789890,-1.317961,0.672999,1,1,0,0
554,-306.052277,62.929146,10.606310,52.901459,29.621944,1.437045,0,0,0,0
555,-296.853333,85.069389,23.308842,30.159523,20.098295,0.053245,0,1,0,0
556,-218.735870,125.062012,-15.879895,29.956608,11.657695,1.980921,0,0,1,1
557,-21.645739,102.506409,-40.918545,33.211205,-23.848883,0.569127,0,0,1,0
558,9.074838,75.524597,-32.309280,37.999584,-22.304062,1.511090,0,1,0,0
559,-38.586269,91.429977,-50.542770,39.550884,-38.456825,0.720169,0,1,0,0
560,4.899017,69.469604,-40.300308,15.932957,-49.391010,0.474697,1,1,0,0
561,5.742795,105.325684,-22.746290,76.826736,-1.318416,3.342648,0,1,0,0
562,-5.583473,124.241135,-43.621735,53.158352,-24.786911,2.141647,0,0,1,0
563,-177.779434,106.193779,-14.501923,28.918591,-1.373279,0.031858,0,1,1,0
564,-258.338531,130.749435,-16.048920,5.680440,2.323831,2.256784,0,0,1,1
565,-7.997114,115.992035,-12.391478,62.326347,-22.354195,0.725009,0,0,0,0
566,-4.326348,119.026146,-14.818747,77.723755,-19.252766,0.921391,0,1,0,0
567,-441.296387,25.213167,24.315166,22.930706,21.211887,0.129049,1,0,1,0
568,-2.598376,131.114151,-28.937496,37.517822,-23.285591,1.187946,0,0,0,1
569,-407.450806,64.265472,44.990715,29.853975,23.724106,0.085990,1,0,1,0
570,8.783076,102.159164,-23.929173,57.233021,-18.971048,1.313353,0,0,1,0
571,-54.115871,144.815918,-22.115206,47.818626,-35.106800,0.473345,0,1,1,0
572,-359.576416,37.558456,4.589065,16.188869,21.061802,0.000000,1,0,1,0
573,-11.848192,130.483917,-15.843225,55.076851,-45.279495,1.008220,0,0,0,0
574,-451.269196,11.414305,11.395718,11.364790,11.321608,0.001445,0,0,0,0
575,-459.344727,0.000000,0.000000,0.000000,0.000000,0.000000,0,0,0,0
576,-37.388248,53.771351,-43.416946,3.710089,-45.846497,3.902385,0,0,1,1
577,-15.251767,86.178009,-11.016586,47.776443,-24.908752,1.904754,0,0,0,0
578,42.534428,98.955948,-41.700935,46.541695,-16.524508,1.117025,0,0,1,0
579,-449.243652,13.742620,12.509546,11.468809,11.331242,0.120103,0,0,1,0
580,-65.742264,137.653107,-63.383018,11.281338,-29.259466,1.000016,1,0,1,0
581,-155.881119,138.840744,-55.480408,5.312089,-15.612150,0.577067,0,0,0,0
582,-281.661072,118.646843,-38.427330,-29.337498,-5.379231,0.790130,1,0,0,1
583,-42.961746,75.018585,-12.609712,43.760483,-5.396540,2.054003,1,0,0,0
584,14.040744,72.664902,-19.100060,41.428230,-7.953693,0.693530,1,0,0,1
585,16.860678,90.659691,-23.840715,47.533600,-14.736483,0.923350,0,1,1,0
586,-51.804985,70.112907,-6.375103,37.085533,-10.303806,2.045480,1,0,0,1
587,13.100481,80.576279,-15.992468,45.857960,1.865342,1.029476,0,0,0,0
588,8.964565,85.993324,-32.127811,31.877489,-5.274583,0.337588,0,0,1,1
589,-32.452381,78.792496,-11.633656,33.981430,-7.161470,0.558441,0,1,0,0
590,1.281668,74.078735,-9.950075,52.502975,3.166106,0.690530,0,0,0,0
591,-307.860565,30.306896,-32.501236,44.356567,-12.292353,0.000000,0,0,1,0
592,-40.707203,64.209435,-32.198635,35.557022,-57.482277,1.117457,0,0,1,1
593,-62.929832,53.554897,-25.424746,36.147911,-1.225553,2.432121,0,0,0,1
594,-440.349976,23.895811,18.184353,15.492892,17.483324,0.093222,0,0,0,0
595,-118.798599,70.208389,-37.849968,24.424168,-12.037675,3.562453,1,0,0,0
596,-208.035355,64.982254,-26.338827,30.231300,-20.441608,1.264349,0,0,0,1
597,-67.443275,125.280800,-39.178215,32.208847,-13.129472,0.489418,1,1,0,0
598,19.656940,112.361633,-37.429916,50.543358,3.245766,2.100501,0,0,0,0
599,-112.037643,107.548767,-43.848740,32.886539,-10.512332,0.828075,0,0,1,1
600,-88.017242,115.078545,-0.814143,44.936565,-25.237967,2.440461,0,0,0,0
601,-108.559792,71.371613,-50.478275,22.107895,-58.813576,7.106079,1,1,0,0
602,-119.715004,145.744965,-8.961796,23.650894,-26.345087,1.223479,0,0,0,0
603,-231.127090,37.691429,-26.070723,71.912247,-3.365280,0.001427,0,1,1,0
604,-272.607666,136.532608,17.592270,49.640770,35.977852,0.849407,0,0,1,1
605,18.356348,114.242294,-13.155504,43.140415,-27.900856,1.115071,1,0,0,0
606,-16.943190,145.312927,-15.572817,43.970516,-12.450291,1.648778,0,0,1,0
607,-450.067627,13.112705,13.091415,13.055984,13.006500,0.000000,0,0,0,0
608,-78.767433,44.389511,-63.395836,19.588913,-47.119156,6.182612,0,0,1,1
609,-15.730739,105.728119,-16.504547,49.558891,-25.384375,2.580478,0,0,0,0
610,32.878613,100.484352,-29.212948,40.716446,-6.442573,1.472280,0,0,1,0
611,-379.626740,84.965302,48.851761,35.886017,29.421936,0.013303,0,0,1,0
612,-51.929195,135.570831,-46.131096,31.966702,-21.181244,1.002914,1,0,1,0
613,-171.150681,134.769012,-39.925636,3.954153,-22.874847,0.593995,0,0,1,0
614,-180.212280,136.725876,14.615399,26.593479,6.209860,0.508083,1,0,0,1
615,-60.942719,71.494186,-11.055645,48.318581,-3.492156,2.755655,1,0,0,0
616,8.522781,75.624496,-18.448471,39.012215,-7.063793,0.729474,1,0,0,0
617,21.027187,88.269127,-29.742229,49.839165,-14.782600,1.006149,0,0,1,0
618,-42.767002,70.227936,-7.071834,37.729889,-7.020725,2.110505,1,0,0,1
619,11.806782,78.571175,-17.609653,44.411308,-0.737213,1.106362,1,0,0,0
620,-182.519562,111.284546,-13.409317,27.225576,1.084170,0.506068,0,1,0,1
621,3.903573,97.691383,-21.145340,34.337677,-13.312873,0.457564,0,1,0,0
622,7.543733,75.447357,-5.134941,53.581490,-3.332835,1.124442,0,0,1,0
623,-139.437378,53.719444,-55.402863,33.172508,-10.808132,0.000000,0,1,0,0
624,-18.350462,45.596069,-58.664028,38.460293,-48.629204,0.116738,1,1,0,0
625,12.444905,106.413742,-24.920347,62.343567,-18.834999,2.261021,0,1,0,0
626,-11.291832,120.032440,-42.625305,51.164444,-30.499067,1.510745,0,0,1,0
627,-272.864990,80.510635,-2.194291,33.419579,15.546215,0.086207,0,1,1,0
628,-228.788574,119.888580,-33.190548,13.538449,-5.073663,1.894727,0,0,1,1
629,-21.026693,130.094482,-27.314129,64.830910,-13.932058,0.692923,0,0,0,0
630,-14.758982,114.151550,1.771991,66.838387,-42.117657,1.773717,0,1,0,0
631,-221.996475,95.392914,-33.567635,5.891147,-12.254251,0.173458,1,0,1,0
632,-35.126011,123.958130,-24.089657,47.295895,-28.185400,1.132857,0,0,0,1
633,-190.517105,105.912094,-22.854803,20.571671,-9.333035,0.127772,1,0,1,0
634,-24.713900,81.374336,-19.025188,83.318169,-17.699398,0.831400,0,0,1,0
635,-63.226585,131.862869,-23.913126,44.258301,-26.918598,0.581683,0,1,1,0
636,-446.808044,17.646378,17.467442,17.319412,17.232662,0.000000,0,1,0,1
637,-21.053886,121.853790,-20.453932,76.713097,-15.998703,1.170131,1,0,0,0
638,-437.032257,28.407831,20.518002,11.659711,5.729436,0.011637,0,0,0,1
639,-220.878250,206.433807,2.027276,-42.417213,10.865768,0.155319,0,0,0,1
640,-55.656796,54.522240,-54.482597,-2.143687,-53.779522,5.358845,0,0,1,1
641,-55.830360,81.620712,-3.484808,62.061188,-23.844303,2.138077,0,0,0,0
642,32.010685,108.690453,-23.154392,53.407616,-6.537764,1.522238,0,0,1,0
643,-308.054230,-33.894699,-35.528778,11.972799,0.170868,0.417782,0,0,1,0
644,-64.259361,125.374130,-32.699547,13.801542,-10.221432,0.953961,1,0,1,0
645,-132.547806,104.552521,-28.655258,7.150743,-9.014273,0.582212,0,0,0,0
646,-221.511948,54.364239,-14.738039,7.663308,-19.735197,1.007046,0,1,0,1
647,-29.445129,84.268379,-10.550779,40.687943,-7.309714,2.234814,0,0,0,1
648,32.859608,83.784439,-17.471546,41.067810,-8.244302,0.661910,0,0,0,0
649,35.374695,89.349548,-14.164227,43.574375,-12.119665,1.079449,0,1,0,0
650,-39.803814,85.681625,-7.403868,39.469795,-13.718591,2.553088,0,0,0,1
651,29.588976,93.317886,-15.284645,43.157478,-1.463885,0.688644,0,0,0,0
652,9.141492,89.970337,-25.411659,33.307022,-11.838696,0.413089,0,0,1,1
653,-17.863638,80.193901,-12.824535,38.657291,-10.359346,0.532166,0,0,0,1
654,25.493181,80.869156,-11.223522,48.532196,-4.831829,0.802225,0,0,0,0
655,-140.222076,44.780319,-45.916794,14.583603,-26.629505,1.340268,0,0,1,0
656,-21.096756,56.338139,-25.266804,34.097954,-46.237389,0.593782,0,0,1,0
657,-56.062687,73.204750,-21.584244,39.524239,-7.776281,2.889353,0,0,0,1
658,-311.480835,-32.258144,-22.394249,26.543297,18.306355,0.589357,1,0,0,1
659,-92.036110,95.813339,-38.551247,50.687706,0.693218,0.561203,0,1,1,0
660,-221.172043,85.542496,-16.118153,12.833456,-18.491024,1.267618,0,0,0,1
661,-57.524681,123.417061,-44.409485,35.993099,-18.364859,0.140280,1,1,0,0
662,13.729072,103.020988,-37.817688,66.337723,8.066917,1.716304,0,0,0,0
663,-90.104866,92.549667,-38.459129,23.985573,-11.886333,0.766057,0,0,1,1
664,-75.739655,144.883728,0.176496,34.566559,-39.133247,4.721358,0,0,0,0
665,-106.897217,57.107620,-51.347763,5.411157,-37.021133,1.384943,1,1,0,0
666,-85.744453,139.584610,-0.862745,29.958658,-16.446671,2.891567,0,0,0,0
667,-229.089127,-8.525286,-19.686510,86.414536,5.393843,0.055366,0,1,1,0
668,-174.399673,134.498856,25.434631,31.457504,7.929307,0.512788,0,0,1,1
669,12.625344,117.113602,-24.179533,36.919014,-16.614330,0.633644,1,0,0,0
670,-19.704767,133.955475,-11.517725,65.972023,-22.591784,1.610776,0,0,1,0
671,-145.206223,71.233284,20.955290,93.814240,16.461943,0.352685,0,0,0,0
672,-79.712097,50.438366,-47.570801,26.270596,-52.686371,5.299706,0,0,1,1
673,-23.470068,107.931847,-18.416477,33.596161,-16.568275,2.470596,0,0,0,0
674,32.766747,106.119553,-38.214382,47.742630,-25.605762,1.098298,0,0,1,0
675,-319.738678,-40.592705,-33.434879,19.916964,14.435610,0.739969,0,0,1,0
676,-63.792000,122.265381,-47.942276,29.297613,-19.446674,1.134667,1,0,1,0
677,-139.351273,94.925827,-32.794933,6.945757,-18.491537,0.784432,0,0,1,0
678,-146.970993,114.733383,16.382254,28.277805,-5.188156,0.406939,0,1,0,1
679,-13.826188,88.656898,-13.026072,39.926117,-10.093460,2.162836,0,0,0,1
680,23.978733,86.692810,-11.218861,39.902832,-7.899720,0.566180,0,0,0,0
681,36.172749,86.290070,-15.818711,38.174217,-11.245380,1.091050,0,1,0,0
682,-27.469112,84.035751,-4.959840,34.749763,-13.116322,2.303862,0,0,0,1
683,30.040697,84.794952,-15.839499,41.252983,-3.930502,0.882286,0,0,0,0
684,-202.813965,101.549698,-22.630173,17.672407,-3.820820,2.558440,0,1,0,1
685,2.307513,102.244400,-26.030140,35.973633,-15.164000,0.362486,0,0,0,1
686,21.178791,85.879288,-2.776240,47.811871,-6.253830,0.950145,0,0,0,0
687,-106.685066,54.572495,-44.002647,37.019165,-38.794647,0.301396,0,1,0,0
688,-41.402782,50.848766,-66.569733,33.915588,-28.758722,2.191067,1,1,0,0
689,15.874893,117.801392,-21.081764,47.456303,-36.925636,2.553911,0,1,0,0
690,-10.863901,121.766068,-43.148129,36.980690,-16.376188,2.167615,0,0,1,0
691,-261.973877,15.851656,9.905811,55.538979,27.115080,0.271034,0,1,1,0
692,-143.441406,99.126099,-35.299294,14.451691,-10.173140,2.846828,0,0,1,1
693,-16.135090,128.356262,-30.777910,58.871693,-22.225510,0.548223,0,0,0,0
694,-13.404750,116.239273,8.927370,41.344528,-23.180099,1.368648,0,1,0,0
695,-364.702179,58.167946,-21.936216,-3.923872,11.224762,0.140700,1,0,1,0
696,-28.582481,114.508392,-23.430317,52.562889,-11.131089,1.177390,0,0,0,1
697,-306.192139,88.045860,-16.073277,12.911381,11.661325,0.036685,1,0,1,0
698,-11.513721,82.891296,-7.883980,46.765511,-21.847248,0.930729,0,0,1,0
699,-69.484131,137.208115,-16.636051,47.261581,-32.734970,0.765502,0,1,1,0
700,-446.916504,17.557049,17.499746,17.404621,17.272234,0.000000,0,1,0,1
701,-16.256742,110.291077,-4.756221,68.792938,-18.571701,0.565654,1,0,0,0
702,-450.742554,12.157991,12.135952,12.099293,12.048126,0.000000,0,0,0,0
703,-363.133759,97.763855,35.689587,12.114233,16.775688,3.612210,0,0,1,0
704,-18.926966,120.357941,-12.180183,53.576698,-27.901012,3.511265,0,0,1,1
705,-0.712542,73.669518,-15.215189,64.068863,-20.521484,1.517503,0,0,0,0
706,34.297775,77.497726,-22.970825,51.194336,-6.546653,0.960681,0,0,0,0
707,31.058599,93.899750,-17.508253,44.396545,-7.650614,0.918724,0,0,0,1
708,17.377373,97.503601,-22.975180,42.901413,-1.725599,1.156852,0,0,1,1
709,10.193883,91.074989,-22.160343,53.802063,-18.094227,0.792905,0,0,0,0
710,19.439304,95.644333,-11.278892,51.197723,2.477239,1.087433,0,0,0,0
711,6.175163,88.191330,-16.842323,45.587658,2.775817,0.780456,0,0,0,1
712,-8.150124,95.037720,-19.989164,50.094933,1.262562,0.608526,0,0,1,1
713,-12.864415,71.846703,-22.054947,63.421291,-9.000776,1.396242,0,1,0,0
714,17.222118,87.846893,-10.317572,51.278839,-4.443319,0.930427,0,0,0,0
715,18.628725,96.986969,-11.724651,46.610939,-3.340176,0.762852,0,0,0,0
716,-38.391235,92.404648,-10.979275,46.340050,10.544516,1.921973,1,1,1,1
717,-5.493192,79.459839,-28.543081,51.437363,-20.474131,0.642869,0,1,0,0
718,9.152141,87.292999,-11.604897,53.908150,0.222283,0.887815,0,0,0,0
719,13.275299,82.863731,-15.926003,44.932865,-3.139811,0.812257,0,0,0,0
720,-13.779936,57.687263,-28.811474,50.581158,-37.014786,0.265032,1,1,0,0
721,-6.642280,77.845245,-17.404049,55.153961,-11.906143,1.758044,0,0,0,0
722,18.087198,87.431915,-7.925648,52.398102,-0.898324,0.886935,0,0,0,0
723,14.826355,82.389008,-7.061718,38.925106,-8.189257,0.557237,0,0,0,1
724,6.814302,95.011429,-25.344322,47.457085,-5.244101,0.596263,0,1,1,1
725,9.207885,84.645584,-16.696871,52.139484,-12.766350,0.827518,0,0,0,0
726,19.874950,82.944695,-10.018759,51.210445,-3.936375,0.753987,0,0,0,0
727,16.771753,95.953331,-2.921474,44.463326,-8.179244,0.608260,1,0,0,0
728,9.243667,85.553955,-23.255527,42.124294,-4.449461,0.710507,1,1,1,0
729,-13.013443,73.764153,-23.044567,53.766945,-18.201706,1.191993,0,0,0,0
730,15.057891,86.827347,-7.182628,56.804840,1.433070,0.727052,0,0,1,0
731,-40.126320,96.973259,-1.167642,47.491211,4.930943,2.255782,0,0,0,0
732,3.288436,99.843575,-15.051657,43.016777,0.361236,1.124794,0,0,1,0
733,-11.761568,71.372772,-20.484388,58.213329,-13.966286,0.663492,0,0,1,1
734,-4.740362,87.260979,-20.692577,54.295994,-25.133448,2.038875,0,1,0,0
735,-262.320526,111.075081,25.847797,57.684647,32.071327,0.251260,0,0,0,0
736,-10.208263,71.939552,-41.134872,23.400150,-16.011145,1.184695,1,1,0,0
737,-11.089705,70.503357,-24.887146,54.327152,-10.197631,1.423663,0,0,0,0
738,11.397339,102.387772,-4.937951,55.282940,0.482863,0.630463,0,0,0,0
739,3.413008,96.427711,-12.648788,46.158623,-3.326188,0.638918,0,0,0,1
740,7.183189,103.308395,-14.529186,44.597340,1.193232,1.180226,1,1,1,0
741,6.533690,90.146599,-20.603750,43.867004,-25.413464,0.725501,0,0,0,0
742,19.483908,85.534073,-12.207283,54.348778,-1.196499,0.857628,0,0,0,0
743,7.092257,85.119614,-10.755721,42.302975,-5.327655,0.640338,0,0,0,0
744,9.233273,93.924568,-11.805828,44.421204,-0.646984,0.789482,0,0,1,1
745,-12.925400,79.805649,-17.122929,58.595032,-13.263266,1.245941,0,1,0,0
746,19.817204,96.363152,-16.077957,42.513611,-8.126754,0.670693,0,0,0,0
747,17.861828,96.714310,-16.125526,37.905586,-9.987082,1.088653,1,1,0,0
748,-22.892347,102.397888,-3.053615,46.904793,-3.801596,2.352278,1,1,0,1
749,6.136249,81.928375,-23.635572,50.259850,-18.130829,0.934766,0,1,0,0
750,30.368961,92.492172,-5.824999,53.099277,-11.837323,0.845635,0,0,0,0
751,14.993488,81.924133,-10.642990,40.639465,-16.829842,0.801456,0,0,1,0
752,-18.996384,53.772865,-30.918789,30.282169,-56.481247,1.119609,1,1,0,0
753,-8.414175,75.877686,-20.839752,51.502197,-19.138762,1.511451,0,0,0,0
754,14.802799,90.322136,-16.967390,42.813087,-0.731234,0.807473,1,0,0,0
755,12.733934,104.247299,-20.268574,46.351318,-6.490915,1.135512,0,0,0,0
756,12.304002,92.548485,-14.623001,40.069633,-4.536557,0.866196,1,1,0,0
757,1.937959,82.434738,-21.895367,48.447594,-19.119564,0.637834,0,0,0,0
758,20.613499,96.705643,-16.265373,44.246006,6.143725,1.122917,0,0,0,1
759,15.870836,96.672005,-12.765320,44.507240,-6.671680,0.944339,0,0,0,0
760,17.362328,93.683327,-19.094070,31.909035,-4.630735,0.839152,0,0,1,1
761,-2.772447,76.798431,-18.315201,52.472527,-22.036686,1.175713,0,0,0,0
762,-102.702660,85.956482,-9.407253,57.785027,1.498945,0.779153,1,0,0,0
763,27.348316,101.166473,-16.922777,39.364426,-8.484441,0.605895,0,0,1,0
764,22.934711,94.277039,-20.788841,32.273426,-8.126330,1.398334,1,1,1,0
765,-0.334539,78.127228,-23.218254,48.439949,-25.634869,0.664331,1,0,0,0
766,-109.267395,83.155533,-14.055534,61.603409,-4.114278,0.642595,0,0,0,0
767,-276.087830,156.424622,45.678185,33.201317,27.075378,0.302986,0,0,1,0
768,-24.951696,97.955734,-17.311705,39.186668,-5.015488,1.350615,0,0,1,1
769,1.783863,69.873444,-20.568991,63.421326,-19.045752,1.316748,0,0,0,0
770,37.459736,89.328819,-15.786480,52.465858,-14.843484,0.801042,0,0,0,0
771,25.061024,88.831161,-21.173439,45.241600,-7.021549,1.059748,0,0,0,1
772,15.096262,109.054626,-25.638340,44.607361,-7.380386,1.034171,0,0,1,1
773,7.373834,92.622131,-29.776947,50.020203,-24.605606,0.963537,0,0,0,0
774,23.703506,96.386391,-9.570097,51.982765,0.506104,1.064523,0,0,0,0
775,6.868285,97.437164,-15.363543,52.567368,4.225032,0.723981,0,0,0,1
776,-3.771728,96.193954,-13.725400,51.910023,8.754877,0.778745,0,0,1,1
777,-17.027498,70.572647,-19.679291,61.520096,-12.216503,1.356791,0,1,0,0
778,14.334403,85.734451,-12.026138,52.069366,-0.623365,0.773135,0,0,0,0
779,14.313180,84.172340,-16.084511,41.346275,-1.010038,0.871782,0,0,0,0
780,-29.457911,90.616867,-16.470131,44.539467,4.308170,2.273729,1,1,1,1
781,0.083732,82.389053,-27.526684,53.191002,-17.965096,0.794207,0,1,0,0
782,3.576155,79.700623,-16.986572,52.304459,2.615971,1.001353,0,0,0,0
783,18.046608,90.929733,-13.020829,46.620155,-6.012480,0.708957,0,0,0,0
784,-26.345337,63.074287,-45.974724,51.198811,-15.054834,2.210607,1,1,0,0
785,-7.331976,78.110085,-13.697299,57.703445,-7.944062,1.218793,0,0,0,0
786,22.456755,87.831757,-16.901115,40.801922,-3.595182,1.207307,0,0,0,0
787,21.813032,91.316040,-2.095134,46.503296,-13.215286,0.535927,0,0,0,1
788,18.066792,95.373291,-27.311901,36.465103,-5.605254,0.741333,0,1,1,1
789,7.627633,87.795151,-16.772455,52.046539,-15.406151,0.835568,0,0,0,0
790,23.740492,80.922623,-17.303951,46.856094,-3.004236,0.932062,0,0,0,0
791,22.158979,90.566391,-12.985826,43.855152,-6.478339,0.497178,1,0,0,0
792,10.710053,85.660278,-29.194027,42.385555,-1.012192,0.802782,1,1,1,0
793,-2.112858,83.005173,-13.592386,60.139252,-10.513269,1.668782,0,0,0,0
794,19.935917,91.586365,-8.617782,52.401360,-2.687335,1.041720,0,0,1,0
795,-28.228041,96.834312,-9.228163,42.399494,2.247207,1.702099,0,0,0,1
796,5.696124,92.070663,-18.803265,42.393349,2.654450,0.805540,0,0,1,0
797,-0.271305,80.563202,-22.716145,48.888004,-17.051411,0.846165,0,0,1,1
798,-6.205474,93.691422,-24.246346,48.383072,-29.829659,1.737424,0,1,0,0
799,-203.165787,115.010445,3.923223,48.564491,15.387232,0.608705,0,0,0,0
800,-13.670533,75.170036,-46.028244,23.244486,-15.473434,1.145190,0,1,1,0
801,-13.492005,85.663239,-21.486965,40.110313,-12.961281,2.692685,0,0,0,1
802,-154.879898,84.518799,8.510070,46.318867,1.166665,0.717158,0,0,0,0
803,38.107109,76.302368,-25.387194,52.362492,-1.285846,0.800236,0,0,0,0
804,-251.122345,92.055885,-32.733963,5.570303,-8.554182,0.528104,0,1,1,0
805,-14.183596,75.741806,-20.676270,50.137917,-17.728859,2.044310,0,0,0,1
806,-185.812088,95.888550,0.640834,60.616951,9.378613,0.779558,0,0,0,0
807,28.654284,81.286377,-22.796680,47.645424,-11.588742,0.986678,0,0,0,0
808,-78.346642,48.037445,-9.460341,37.879112,-9.023546,2.075126,0,1,1,0
809,-6.845950,81.812523,-19.456219,41.959747,-17.354448,2.425377,0,0,0,1
810,-154.034805,91.767227,16.372313,46.618618,4.447730,0.954281,0,0,0,0
811,39.591446,79.430923,-17.287119,49.657082,-12.145606,0.880010,0,0,0,0
812,-425.737762,44.809101,37.774048,29.068922,21.277344,0.124935,1,0,1,0
813,5.579021,85.237122,-37.906174,65.579399,-40.031902,0.908029,1,0,0,0
814,23.597204,81.165085,-6.835168,60.690483,2.573372,0.755843,0,0,1,0
815,32.349449,80.735260,-14.090399,48.765961,-7.976379,0.714063,0,0,1,0
816,8.336022,95.412155,-21.982670,42.805061,-17.332592,0.671880,1,1,0,0
817,-34.335991,99.366974,-22.146542,36.921921,-9.858446,3.941377,1,0,0,0
818,20.604443,110.235657,-20.610947,44.200562,-18.164019,0.911041,0,0,0,0
819,20.795832,100.898819,-31.079607,35.080246,-15.291485,0.784305,0,0,0,1
820,17.876738,108.571533,-27.637512,37.274658,-8.436445,0.579827,0,0,0,0
821,14.711690,99.964691,-28.047626,39.874619,-14.224215,1.494642,0,0,0,0
822,5.666103,101.357147,-25.920891,38.928303,-12.540159,1.840046,0,0,0,0
823,25.330404,106.437447,-27.895046,30.412630,-17.915815,0.969130,0,0,0,0
824,15.044478,109.341782,-30.681683,21.708183,-26.375732,1.126657,0,0,0,0
825,10.733994,98.243927,-29.076927,37.610012,-13.467403,0.656027,0,0,1,0
826,8.393244,101.515045,-25.993078,39.069386,-11.899006,0.658829,0,0,0,0
827,6.999655,108.057480,-28.373569,36.659691,-14.684469,1.828140,0,0,0,0
828,14.170720,106.592499,-32.538696,30.509365,-24.791924,0.674802,1,1,1,1
829,-68.263954,110.141777,-42.370316,46.541649,-46.733223,0.411894,0,1,0,0
830,-39.017616,62.828033,9.741783,42.590164,-7.968145,1.920594,0,0,0,0
831,-25.713602,79.034660,-0.066791,34.272125,-2.179421,3.366066,0,0,0,0
832,-67.504509,76.057457,-30.972952,71.528297,-22.814140,0.794555,0,0,1,1
833,-8.499603,99.405457,-8.829174,63.007278,-26.844051,1.107711,0,0,0,0
